nam_hoc,tinh,tong_diem,so_hoc_sinh
2023,Hải Phòng,2.2,1
2023,Hải Phòng,4.5,1
2023,Hải Phòng,4.9,1
2023,Hải Phòng,5.4,1
2023,Hải Phòng,5.5,1
2023,Hải Phòng,6.2,1
2023,Hải Phòng,6.25,2
2023,Hải Phòng,6.5,1
2023,Hải Phòng,7.0,2
2023,Hải Phòng,7.25,3
2023,Hải Phòng,7.3,1
2023,Hải Phòng,7.4,1
2023,Hải Phòng,7.5,1
2023,Hải Phòng,7.75,1
2023,Hải Phòng,7.85,1
2023,Hải Phòng,7.95,1
2023,Hải Phòng,8.0,3
2023,Hải Phòng,8.25,3
2023,Hải Phòng,8.4,2
2023,Hải Phòng,8.5,2
2023,Hải Phòng,8.55,1
2023,Hải Phòng,8.65,2
2023,Hải Phòng,8.75,3
2023,Hải Phòng,9.0,1
2023,Hải Phòng,9.15,1
2023,Hải Phòng,9.3,1
2023,Hải Phòng,9.4,1
2023,Hải Phòng,9.5,1
2023,Hải Phòng,9.55,1
2023,Hải Phòng,9.7,1
2023,Hải Phòng,9.75,2
2023,Hải Phòng,9.8,2
2023,Hải Phòng,9.95,1
2023,Hải Phòng,10.0,1
2023,Hải Phòng,10.05,1
2023,Hải Phòng,10.1,2
2023,Hải Phòng,10.15,2
2023,Hải Phòng,10.2,2
2023,Hải Phòng,10.25,1
2023,Hải Phòng,10.35,1
2023,Hải Phòng,10.4,1
2023,Hải Phòng,10.55,2
2023,Hải Phòng,10.6,3
2023,Hải Phòng,10.65,1
2023,Hải Phòng,10.7,2
2023,Hải Phòng,10.75,3
2023,Hải Phòng,10.85,2
2023,Hải Phòng,10.95,1
2023,Hải Phòng,11.0,5
2023,Hải Phòng,11.05,2
2023,Hải Phòng,11.1,1
2023,Hải Phòng,11.2,3
2023,Hải Phòng,11.25,2
2023,Hải Phòng,11.3,1
2023,Hải Phòng,11.4,2
2023,Hải Phòng,11.45,4
2023,Hải Phòng,11.5,1
2023,Hải Phòng,11.55,2
2023,Hải Phòng,11.65,2
2023,Hải Phòng,11.7,1
2023,Hải Phòng,11.75,7
2023,Hải Phòng,11.8,3
2023,Hải Phòng,11.85,2
2023,Hải Phòng,11.9,4
2023,Hải Phòng,11.95,4
2023,Hải Phòng,12.0,5
2023,Hải Phòng,12.05,2
2023,Hải Phòng,12.1,2
2023,Hải Phòng,12.15,1
2023,Hải Phòng,12.2,4
2023,Hải Phòng,12.25,5
2023,Hải Phòng,12.3,3
2023,Hải Phòng,12.35,2
2023,Hải Phòng,12.4,6
2023,Hải Phòng,12.45,2
2023,Hải Phòng,12.5,8
2023,Hải Phòng,12.55,3
2023,Hải Phòng,12.6,3
2023,Hải Phòng,12.65,6
2023,Hải Phòng,12.7,4
2023,Hải Phòng,12.75,6
2023,Hải Phòng,12.8,2
2023,Hải Phòng,12.85,2
2023,Hải Phòng,12.9,4
2023,Hải Phòng,12.95,4
2023,Hải Phòng,13.0,5
2023,Hải Phòng,13.05,3
2023,Hải Phòng,13.1,1
2023,Hải Phòng,13.15,4
2023,Hải Phòng,13.2,5
2023,Hải Phòng,13.25,8
2023,Hải Phòng,13.3,2
2023,Hải Phòng,13.35,5
2023,Hải Phòng,13.4,2
2023,Hải Phòng,13.45,4
2023,Hải Phòng,13.5,7
2023,Hải Phòng,13.55,6
2023,Hải Phòng,13.6,3
2023,Hải Phòng,13.600000000000001,1
2023,Hải Phòng,13.65,7
2023,Hải Phòng,13.7,5
2023,Hải Phòng,13.75,12
2023,Hải Phòng,13.8,6
2023,Hải Phòng,13.85,10
2023,Hải Phòng,13.9,9
2023,Hải Phòng,13.95,8
2023,Hải Phòng,14.0,6
2023,Hải Phòng,14.05,8
2023,Hải Phòng,14.1,5
2023,Hải Phòng,14.15,4
2023,Hải Phòng,14.2,4
2023,Hải Phòng,14.25,10
2023,Hải Phòng,14.3,5
2023,Hải Phòng,14.35,6
2023,Hải Phòng,14.4,6
2023,Hải Phòng,14.45,6
2023,Hải Phòng,14.5,15
2023,Hải Phòng,14.55,7
2023,Hải Phòng,14.6,3
2023,Hải Phòng,14.65,7
2023,Hải Phòng,14.7,11
2023,Hải Phòng,14.75,12
2023,Hải Phòng,14.8,5
2023,Hải Phòng,14.85,8
2023,Hải Phòng,14.9,8
2023,Hải Phòng,14.95,13
2023,Hải Phòng,15.0,18
2023,Hải Phòng,15.05,8
2023,Hải Phòng,15.1,14
2023,Hải Phòng,15.100000000000001,1
2023,Hải Phòng,15.15,11
2023,Hải Phòng,15.2,11
2023,Hải Phòng,15.25,13
2023,Hải Phòng,15.3,19
2023,Hải Phòng,15.35,12
2023,Hải Phòng,15.350000000000001,1
2023,Hải Phòng,15.4,17
2023,Hải Phòng,15.45,13
2023,Hải Phòng,15.5,10
2023,Hải Phòng,15.55,12
2023,Hải Phòng,15.6,8
2023,Hải Phòng,15.600000000000001,1
2023,Hải Phòng,15.65,13
2023,Hải Phòng,15.7,13
2023,Hải Phòng,15.75,12
2023,Hải Phòng,15.8,14
2023,Hải Phòng,15.85,13
2023,Hải Phòng,15.9,11
2023,Hải Phòng,15.95,11
2023,Hải Phòng,15.950000000000001,1
2023,Hải Phòng,16.0,16
2023,Hải Phòng,16.05,19
2023,Hải Phòng,16.1,19
2023,Hải Phòng,16.15,14
2023,Hải Phòng,16.2,16
2023,Hải Phòng,16.25,15
2023,Hải Phòng,16.3,13
2023,Hải Phòng,16.35,15
2023,Hải Phòng,16.4,12
2023,Hải Phòng,16.45,13
2023,Hải Phòng,16.450000000000003,1
2023,Hải Phòng,16.5,23
2023,Hải Phòng,16.55,19
2023,Hải Phòng,16.6,17
2023,Hải Phòng,16.65,17
2023,Hải Phòng,16.7,18
2023,Hải Phòng,16.75,20
2023,Hải Phòng,16.8,22
2023,Hải Phòng,16.85,17
2023,Hải Phòng,16.9,22
2023,Hải Phòng,16.95,16
2023,Hải Phòng,17.0,32
2023,Hải Phòng,17.05,20
2023,Hải Phòng,17.1,13
2023,Hải Phòng,17.15,12
2023,Hải Phòng,17.2,14
2023,Hải Phòng,17.25,28
2023,Hải Phòng,17.3,17
2023,Hải Phòng,17.35,26
2023,Hải Phòng,17.4,22
2023,Hải Phòng,17.45,17
2023,Hải Phòng,17.5,21
2023,Hải Phòng,17.55,19
2023,Hải Phòng,17.6,21
2023,Hải Phòng,17.65,14
2023,Hải Phòng,17.7,18
2023,Hải Phòng,17.75,25
2023,Hải Phòng,17.8,11
2023,Hải Phòng,17.85,18
2023,Hải Phòng,17.9,17
2023,Hải Phòng,17.95,24
2023,Hải Phòng,18.0,21
2023,Hải Phòng,18.049999999999997,1
2023,Hải Phòng,18.05,32
2023,Hải Phòng,18.1,16
2023,Hải Phòng,18.15,28
2023,Hải Phòng,18.2,26
2023,Hải Phòng,18.200000000000003,1
2023,Hải Phòng,18.25,22
2023,Hải Phòng,18.3,24
2023,Hải Phòng,18.35,25
2023,Hải Phòng,18.4,25
2023,Hải Phòng,18.45,29
2023,Hải Phòng,18.5,30
2023,Hải Phòng,18.55,26
2023,Hải Phòng,18.6,22
2023,Hải Phòng,18.65,22
2023,Hải Phòng,18.7,21
2023,Hải Phòng,18.75,26
2023,Hải Phòng,18.8,24
2023,Hải Phòng,18.85,18
2023,Hải Phòng,18.9,28
2023,Hải Phòng,18.95,37
2023,Hải Phòng,19.0,28
2023,Hải Phòng,19.05,32
2023,Hải Phòng,19.1,24
2023,Hải Phòng,19.15,24
2023,Hải Phòng,19.2,22
2023,Hải Phòng,19.25,23
2023,Hải Phòng,19.3,33
2023,Hải Phòng,19.35,22
2023,Hải Phòng,19.4,29
2023,Hải Phòng,19.45,25
2023,Hải Phòng,19.5,31
2023,Hải Phòng,19.55,30
2023,Hải Phòng,19.6,25
2023,Hải Phòng,19.65,19
2023,Hải Phòng,19.7,31
2023,Hải Phòng,19.75,41
2023,Hải Phòng,19.799999999999997,1
2023,Hải Phòng,19.8,31
2023,Hải Phòng,19.85,25
2023,Hải Phòng,19.9,35
2023,Hải Phòng,19.95,18
2023,Hải Phòng,20.0,24
2023,Hải Phòng,20.05,35
2023,Hải Phòng,20.1,29
2023,Hải Phòng,20.15,21
2023,Hải Phòng,20.2,35
2023,Hải Phòng,20.200000000000003,1
2023,Hải Phòng,20.25,25
2023,Hải Phòng,20.299999999999997,1
2023,Hải Phòng,20.3,25
2023,Hải Phòng,20.35,29
2023,Hải Phòng,20.4,34
2023,Hải Phòng,20.45,22
2023,Hải Phòng,20.5,35
2023,Hải Phòng,20.55,39
2023,Hải Phòng,20.6,26
2023,Hải Phòng,20.65,30
2023,Hải Phòng,20.7,35
2023,Hải Phòng,20.700000000000003,1
2023,Hải Phòng,20.75,30
2023,Hải Phòng,20.8,38
2023,Hải Phòng,20.85,27
2023,Hải Phòng,20.9,26
2023,Hải Phòng,20.95,32
2023,Hải Phòng,21.0,36
2023,Hải Phòng,21.05,42
2023,Hải Phòng,21.1,35
2023,Hải Phòng,21.15,29
2023,Hải Phòng,21.2,30
2023,Hải Phòng,21.25,28
2023,Hải Phòng,21.3,30
2023,Hải Phòng,21.35,31
2023,Hải Phòng,21.4,19
2023,Hải Phòng,21.45,21
2023,Hải Phòng,21.450000000000003,2
2023,Hải Phòng,21.5,33
2023,Hải Phòng,21.55,30
2023,Hải Phòng,21.6,31
2023,Hải Phòng,21.65,30
2023,Hải Phòng,21.7,38
2023,Hải Phòng,21.700000000000003,1
2023,Hải Phòng,21.75,29
2023,Hải Phòng,21.8,28
2023,Hải Phòng,21.85,36
2023,Hải Phòng,21.9,25
2023,Hải Phòng,21.95,34
2023,Hải Phòng,22.0,38
2023,Hải Phòng,22.049999999999997,2
2023,Hải Phòng,22.05,38
2023,Hải Phòng,22.1,35
2023,Hải Phòng,22.15,32
2023,Hải Phòng,22.150000000000002,1
2023,Hải Phòng,22.2,34
2023,Hải Phòng,22.25,35
2023,Hải Phòng,22.299999999999997,1
2023,Hải Phòng,22.3,24
2023,Hải Phòng,22.349999999999998,1
2023,Hải Phòng,22.35,33
2023,Hải Phòng,22.4,41
2023,Hải Phòng,22.45,36
2023,Hải Phòng,22.5,27
2023,Hải Phòng,22.549999999999997,1
2023,Hải Phòng,22.55,39
2023,Hải Phòng,22.599999999999998,1
2023,Hải Phòng,22.6,30
2023,Hải Phòng,22.65,32
2023,Hải Phòng,22.7,37
2023,Hải Phòng,22.700000000000003,2
2023,Hải Phòng,22.75,27
2023,Hải Phòng,22.799999999999997,1
2023,Hải Phòng,22.8,37
2023,Hải Phòng,22.85,36
2023,Hải Phòng,22.9,26
2023,Hải Phòng,22.900000000000002,1
2023,Hải Phòng,22.95,24
2023,Hải Phòng,22.950000000000003,1
2023,Hải Phòng,23.0,33
2023,Hải Phòng,23.05,25
2023,Hải Phòng,23.1,34
2023,Hải Phòng,23.15,34
2023,Hải Phòng,23.2,34
2023,Hải Phòng,23.25,30
2023,Hải Phòng,23.3,26
2023,Hải Phòng,23.349999999999998,1
2023,Hải Phòng,23.35,26
2023,Hải Phòng,23.4,41
2023,Hải Phòng,23.45,36
2023,Hải Phòng,23.5,31
2023,Hải Phòng,23.549999999999997,1
2023,Hải Phòng,23.55,23
2023,Hải Phòng,23.6,32
2023,Hải Phòng,23.65,34
2023,Hải Phòng,23.7,38
2023,Hải Phòng,23.75,33
2023,Hải Phòng,23.799999999999997,1
2023,Hải Phòng,23.8,39
2023,Hải Phòng,23.85,26
2023,Hải Phòng,23.9,33
2023,Hải Phòng,23.900000000000002,1
2023,Hải Phòng,23.95,30
2023,Hải Phòng,23.950000000000003,2
2023,Hải Phòng,24.0,38
2023,Hải Phòng,24.049999999999997,1
2023,Hải Phòng,24.05,23
2023,Hải Phòng,24.1,22
2023,Hải Phòng,24.15,36
2023,Hải Phòng,24.2,29
2023,Hải Phòng,24.200000000000003,1
2023,Hải Phòng,24.25,23
2023,Hải Phòng,24.299999999999997,1
2023,Hải Phòng,24.3,37
2023,Hải Phòng,24.349999999999998,1
2023,Hải Phòng,24.35,33
2023,Hải Phòng,24.4,27
2023,Hải Phòng,24.400000000000002,1
2023,Hải Phòng,24.45,32
2023,Hải Phòng,24.450000000000003,3
2023,Hải Phòng,24.5,24
2023,Hải Phòng,24.549999999999997,3
2023,Hải Phòng,24.55,23
2023,Hải Phòng,24.6,27
2023,Hải Phòng,24.65,30
2023,Hải Phòng,24.7,16
2023,Hải Phòng,24.700000000000003,1
2023,Hải Phòng,24.75,19
2023,Hải Phòng,24.799999999999997,2
2023,Hải Phòng,24.8,32
2023,Hải Phòng,24.85,22
2023,Hải Phòng,24.9,32
2023,Hải Phòng,24.95,25
2023,Hải Phòng,24.950000000000003,1
2023,Hải Phòng,25.0,19
2023,Hải Phòng,25.05,20
2023,Hải Phòng,25.1,16
2023,Hải Phòng,25.15,20
2023,Hải Phòng,25.150000000000002,1
2023,Hải Phòng,25.2,32
2023,Hải Phòng,25.25,28
2023,Hải Phòng,25.3,21
2023,Hải Phòng,25.35,32
2023,Hải Phòng,25.4,29
2023,Hải Phòng,25.45,21
2023,Hải Phòng,25.5,39
2023,Hải Phòng,25.549999999999997,1
2023,Hải Phòng,25.55,30
2023,Hải Phòng,25.6,21
2023,Hải Phòng,25.65,18
2023,Hải Phòng,25.7,25
2023,Hải Phòng,25.75,30
2023,Hải Phòng,25.8,28
2023,Hải Phòng,25.85,21
2023,Hải Phòng,25.9,21
2023,Hải Phòng,25.95,17
2023,Hải Phòng,25.950000000000003,1
2023,Hải Phòng,26.0,24
2023,Hải Phòng,26.049999999999997,1
2023,Hải Phòng,26.05,27
2023,Hải Phòng,26.099999999999998,1
2023,Hải Phòng,26.1,26
2023,Hải Phòng,26.15,28
2023,Hải Phòng,26.2,17
2023,Hải Phòng,26.200000000000003,2
2023,Hải Phòng,26.25,26
2023,Hải Phòng,26.299999999999997,2
2023,Hải Phòng,26.3,22
2023,Hải Phòng,26.35,23
2023,Hải Phòng,26.4,26
2023,Hải Phòng,26.45,23
2023,Hải Phòng,26.450000000000003,2
2023,Hải Phòng,26.5,33
2023,Hải Phòng,26.549999999999997,2
2023,Hải Phòng,26.55,25
2023,Hải Phòng,26.6,15
2023,Hải Phòng,26.65,22
2023,Hải Phòng,26.7,14
2023,Hải Phòng,26.700000000000003,2
2023,Hải Phòng,26.75,23
2023,Hải Phòng,26.799999999999997,2
2023,Hải Phòng,26.8,19
2023,Hải Phòng,26.85,26
2023,Hải Phòng,26.9,30
2023,Hải Phòng,26.95,25
2023,Hải Phòng,26.950000000000003,1
2023,Hải Phòng,27.0,26
2023,Hải Phòng,27.049999999999997,1
2023,Hải Phòng,27.05,18
2023,Hải Phòng,27.1,17
2023,Hải Phòng,27.15,29
2023,Hải Phòng,27.2,19
2023,Hải Phòng,27.200000000000003,5
2023,Hải Phòng,27.25,27
2023,Hải Phòng,27.299999999999997,1
2023,Hải Phòng,27.3,20
2023,Hải Phòng,27.35,29
2023,Hải Phòng,27.4,18
2023,Hải Phòng,27.400000000000002,1
2023,Hải Phòng,27.45,23
2023,Hải Phòng,27.450000000000003,2
2023,Hải Phòng,27.5,19
2023,Hải Phòng,27.549999999999997,1
2023,Hải Phòng,27.55,19
2023,Hải Phòng,27.6,18
2023,Hải Phòng,27.65,23
2023,Hải Phòng,27.7,20
2023,Hải Phòng,27.700000000000003,3
2023,Hải Phòng,27.75,19
2023,Hải Phòng,27.799999999999997,4
2023,Hải Phòng,27.8,17
2023,Hải Phòng,27.85,20
2023,Hải Phòng,27.9,25
2023,Hải Phòng,27.95,14
2023,Hải Phòng,27.950000000000003,1
2023,Hải Phòng,28.0,21
2023,Hải Phòng,28.049999999999997,3
2023,Hải Phòng,28.05,16
2023,Hải Phòng,28.1,23
2023,Hải Phòng,28.15,21
2023,Hải Phòng,28.2,20
2023,Hải Phòng,28.200000000000003,4
2023,Hải Phòng,28.25,27
2023,Hải Phòng,28.299999999999997,1
2023,Hải Phòng,28.3,15
2023,Hải Phòng,28.35,16
2023,Hải Phòng,28.4,21
2023,Hải Phòng,28.45,14
2023,Hải Phòng,28.450000000000003,1
2023,Hải Phòng,28.5,23
2023,Hải Phòng,28.55,12
2023,Hải Phòng,28.6,17
2023,Hải Phòng,28.65,19
2023,Hải Phòng,28.7,11
2023,Hải Phòng,28.700000000000003,2
2023,Hải Phòng,28.75,22
2023,Hải Phòng,28.799999999999997,4
2023,Hải Phòng,28.8,18
2023,Hải Phòng,28.85,23
2023,Hải Phòng,28.9,28
2023,Hải Phòng,28.95,17
2023,Hải Phòng,28.950000000000003,1
2023,Hải Phòng,29.0,21
2023,Hải Phòng,29.049999999999997,4
2023,Hải Phòng,29.05,20
2023,Hải Phòng,29.1,22
2023,Hải Phòng,29.15,14
2023,Hải Phòng,29.150000000000002,1
2023,Hải Phòng,29.2,14
2023,Hải Phòng,29.200000000000003,2
2023,Hải Phòng,29.25,22
2023,Hải Phòng,29.299999999999997,6
2023,Hải Phòng,29.3,14
2023,Hải Phòng,29.35,22
2023,Hải Phòng,29.4,27
2023,Hải Phòng,29.45,13
2023,Hải Phòng,29.450000000000003,7
2023,Hải Phòng,29.5,24
2023,Hải Phòng,29.549999999999997,4
2023,Hải Phòng,29.55,19
2023,Hải Phòng,29.6,22
2023,Hải Phòng,29.65,16
2023,Hải Phòng,29.7,21
2023,Hải Phòng,29.700000000000003,6
2023,Hải Phòng,29.75,29
2023,Hải Phòng,29.799999999999997,1
2023,Hải Phòng,29.8,17
2023,Hải Phòng,29.849999999999998,1
2023,Hải Phòng,29.85,24
2023,Hải Phòng,29.9,24
2023,Hải Phòng,29.95,17
2023,Hải Phòng,29.950000000000003,5
2023,Hải Phòng,30.0,24
2023,Hải Phòng,30.049999999999997,2
2023,Hải Phòng,30.05,19
2023,Hải Phòng,30.099999999999998,1
2023,Hải Phòng,30.1,29
2023,Hải Phòng,30.15,30
2023,Hải Phòng,30.2,15
2023,Hải Phòng,30.200000000000003,3
2023,Hải Phòng,30.25,16
2023,Hải Phòng,30.299999999999997,3
2023,Hải Phòng,30.3,18
2023,Hải Phòng,30.35,27
2023,Hải Phòng,30.4,33
2023,Hải Phòng,30.45,14
2023,Hải Phòng,30.450000000000003,5
2023,Hải Phòng,30.5,34
2023,Hải Phòng,30.549999999999997,3
2023,Hải Phòng,30.55,14
2023,Hải Phòng,30.6,30
2023,Hải Phòng,30.65,14
2023,Hải Phòng,30.7,26
2023,Hải Phòng,30.700000000000003,9
2023,Hải Phòng,30.75,26
2023,Hải Phòng,30.799999999999997,3
2023,Hải Phòng,30.8,17
2023,Hải Phòng,30.85,33
2023,Hải Phòng,30.9,28
2023,Hải Phòng,30.95,23
2023,Hải Phòng,30.950000000000003,6
2023,Hải Phòng,31.0,31
2023,Hải Phòng,31.049999999999997,5
2023,Hải Phòng,31.05,21
2023,Hải Phòng,31.1,31
2023,Hải Phòng,31.15,30
2023,Hải Phòng,31.2,21
2023,Hải Phòng,31.200000000000003,11
2023,Hải Phòng,31.25,30
2023,Hải Phòng,31.299999999999997,8
2023,Hải Phòng,31.3,21
2023,Hải Phòng,31.349999999999998,1
2023,Hải Phòng,31.35,29
2023,Hải Phòng,31.4,31
2023,Hải Phòng,31.45,21
2023,Hải Phòng,31.450000000000003,7
2023,Hải Phòng,31.5,30
2023,Hải Phòng,31.549999999999997,8
2023,Hải Phòng,31.55,24
2023,Hải Phòng,31.6,28
2023,Hải Phòng,31.65,23
2023,Hải Phòng,31.7,24
2023,Hải Phòng,31.700000000000003,7
2023,Hải Phòng,31.75,34
2023,Hải Phòng,31.799999999999997,8
2023,Hải Phòng,31.8,25
2023,Hải Phòng,31.849999999999998,1
2023,Hải Phòng,31.85,38
2023,Hải Phòng,31.9,37
2023,Hải Phòng,31.95,35
2023,Hải Phòng,31.950000000000003,9
2023,Hải Phòng,32.0,33
2023,Hải Phòng,32.05,35
2023,Hải Phòng,32.1,33
2023,Hải Phòng,32.15,38
2023,Hải Phòng,32.150000000000006,1
2023,Hải Phòng,32.2,46
2023,Hải Phòng,32.25,47
2023,Hải Phòng,32.3,53
2023,Hải Phòng,32.35,39
2023,Hải Phòng,32.4,43
2023,Hải Phòng,32.45,42
2023,Hải Phòng,32.5,33
2023,Hải Phòng,32.55,31
2023,Hải Phòng,32.599999999999994,3
2023,Hải Phòng,32.6,44
2023,Hải Phòng,32.65,40
2023,Hải Phòng,32.650000000000006,1
2023,Hải Phòng,32.7,35
2023,Hải Phòng,32.75,43
2023,Hải Phòng,32.8,40
2023,Hải Phòng,32.85,50
2023,Hải Phòng,32.9,42
2023,Hải Phòng,32.95,60
2023,Hải Phòng,33.0,48
2023,Hải Phòng,33.05,48
2023,Hải Phòng,33.099999999999994,3
2023,Hải Phòng,33.1,41
2023,Hải Phòng,33.15,38
2023,Hải Phòng,33.150000000000006,1
2023,Hải Phòng,33.2,49
2023,Hải Phòng,33.25,61
2023,Hải Phòng,33.3,51
2023,Hải Phòng,33.349999999999994,2
2023,Hải Phòng,33.35,53
2023,Hải Phòng,33.4,48
2023,Hải Phòng,33.45,43
2023,Hải Phòng,33.5,51
2023,Hải Phòng,33.55,48
2023,Hải Phòng,33.6,52
2023,Hải Phòng,33.65,65
2023,Hải Phòng,33.650000000000006,2
2023,Hải Phòng,33.7,51
2023,Hải Phòng,33.75,55
2023,Hải Phòng,33.8,62
2023,Hải Phòng,33.85,51
2023,Hải Phòng,33.9,42
2023,Hải Phòng,33.900000000000006,2
2023,Hải Phòng,33.95,40
2023,Hải Phòng,34.0,54
2023,Hải Phòng,34.05,50
2023,Hải Phòng,34.099999999999994,1
2023,Hải Phòng,34.1,49
2023,Hải Phòng,34.15,55
2023,Hải Phòng,34.150000000000006,3
2023,Hải Phòng,34.2,52
2023,Hải Phòng,34.25,47
2023,Hải Phòng,34.3,53
2023,Hải Phòng,34.349999999999994,2
2023,Hải Phòng,34.35,51
2023,Hải Phòng,34.4,52
2023,Hải Phòng,34.400000000000006,4
2023,Hải Phòng,34.45,75
2023,Hải Phòng,34.5,62
2023,Hải Phòng,34.55,57
2023,Hải Phòng,34.599999999999994,5
2023,Hải Phòng,34.6,66
2023,Hải Phòng,34.65,57
2023,Hải Phòng,34.7,73
2023,Hải Phòng,34.75,72
2023,Hải Phòng,34.8,68
2023,Hải Phòng,34.849999999999994,1
2023,Hải Phòng,34.85,72
2023,Hải Phòng,34.9,54
2023,Hải Phòng,34.900000000000006,3
2023,Hải Phòng,34.95,60
2023,Hải Phòng,35.0,73
2023,Hải Phòng,35.05,75
2023,Hải Phòng,35.099999999999994,1
2023,Hải Phòng,35.1,65
2023,Hải Phòng,35.15,70
2023,Hải Phòng,35.150000000000006,1
2023,Hải Phòng,35.2,78
2023,Hải Phòng,35.25,55
2023,Hải Phòng,35.3,78
2023,Hải Phòng,35.349999999999994,3
2023,Hải Phòng,35.35,77
2023,Hải Phòng,35.4,63
2023,Hải Phòng,35.45,76
2023,Hải Phòng,35.5,69
2023,Hải Phòng,35.55,72
2023,Hải Phòng,35.599999999999994,5
2023,Hải Phòng,35.6,76
2023,Hải Phòng,35.65,67
2023,Hải Phòng,35.650000000000006,3
2023,Hải Phòng,35.7,69
2023,Hải Phòng,35.75,79
2023,Hải Phòng,35.8,66
2023,Hải Phòng,35.849999999999994,3
2023,Hải Phòng,35.85,75
2023,Hải Phòng,35.9,62
2023,Hải Phòng,35.900000000000006,1
2023,Hải Phòng,35.95,84
2023,Hải Phòng,36.0,79
2023,Hải Phòng,36.05,80
2023,Hải Phòng,36.099999999999994,2
2023,Hải Phòng,36.1,61
2023,Hải Phòng,36.15,76
2023,Hải Phòng,36.150000000000006,1
2023,Hải Phòng,36.2,68
2023,Hải Phòng,36.25,80
2023,Hải Phòng,36.3,93
2023,Hải Phòng,36.349999999999994,2
2023,Hải Phòng,36.35,86
2023,Hải Phòng,36.4,83
2023,Hải Phòng,36.400000000000006,2
2023,Hải Phòng,36.45,85
2023,Hải Phòng,36.5,74
2023,Hải Phòng,36.55,96
2023,Hải Phòng,36.599999999999994,3
2023,Hải Phòng,36.6,64
2023,Hải Phòng,36.65,82
2023,Hải Phòng,36.650000000000006,3
2023,Hải Phòng,36.7,85
2023,Hải Phòng,36.75,86
2023,Hải Phòng,36.8,80
2023,Hải Phòng,36.849999999999994,4
2023,Hải Phòng,36.85,94
2023,Hải Phòng,36.9,94
2023,Hải Phòng,36.900000000000006,3
2023,Hải Phòng,36.95,90
2023,Hải Phòng,37.0,91
2023,Hải Phòng,37.05,88
2023,Hải Phòng,37.099999999999994,4
2023,Hải Phòng,37.1,80
2023,Hải Phòng,37.15,86
2023,Hải Phòng,37.150000000000006,6
2023,Hải Phòng,37.2,84
2023,Hải Phòng,37.25,90
2023,Hải Phòng,37.3,103
2023,Hải Phòng,37.349999999999994,2
2023,Hải Phòng,37.35,86
2023,Hải Phòng,37.4,106
2023,Hải Phòng,37.400000000000006,8
2023,Hải Phòng,37.45,95
2023,Hải Phòng,37.5,80
2023,Hải Phòng,37.55,98
2023,Hải Phòng,37.599999999999994,9
2023,Hải Phòng,37.6,79
2023,Hải Phòng,37.65,99
2023,Hải Phòng,37.650000000000006,2
2023,Hải Phòng,37.7,90
2023,Hải Phòng,37.75,106
2023,Hải Phòng,37.8,94
2023,Hải Phòng,37.849999999999994,3
2023,Hải Phòng,37.85,100
2023,Hải Phòng,37.9,95
2023,Hải Phòng,37.900000000000006,5
2023,Hải Phòng,37.95,105
2023,Hải Phòng,38.0,95
2023,Hải Phòng,38.05,84
2023,Hải Phòng,38.099999999999994,3
2023,Hải Phòng,38.1,95
2023,Hải Phòng,38.15,95
2023,Hải Phòng,38.150000000000006,6
2023,Hải Phòng,38.2,124
2023,Hải Phòng,38.25,99
2023,Hải Phòng,38.3,109
2023,Hải Phòng,38.349999999999994,4
2023,Hải Phòng,38.35,96
2023,Hải Phòng,38.4,95
2023,Hải Phòng,38.400000000000006,4
2023,Hải Phòng,38.45,112
2023,Hải Phòng,38.5,113
2023,Hải Phòng,38.55,101
2023,Hải Phòng,38.599999999999994,3
2023,Hải Phòng,38.6,107
2023,Hải Phòng,38.65,96
2023,Hải Phòng,38.650000000000006,5
2023,Hải Phòng,38.7,111
2023,Hải Phòng,38.75,120
2023,Hải Phòng,38.8,98
2023,Hải Phòng,38.849999999999994,7
2023,Hải Phòng,38.85,111
2023,Hải Phòng,38.9,109
2023,Hải Phòng,38.900000000000006,6
2023,Hải Phòng,38.95,102
2023,Hải Phòng,39.0,131
2023,Hải Phòng,39.05,124
2023,Hải Phòng,39.099999999999994,3
2023,Hải Phòng,39.1,99
2023,Hải Phòng,39.15,127
2023,Hải Phòng,39.150000000000006,1
2023,Hải Phòng,39.2,105
2023,Hải Phòng,39.25,103
2023,Hải Phòng,39.3,116
2023,Hải Phòng,39.349999999999994,8
2023,Hải Phòng,39.35,101
2023,Hải Phòng,39.4,98
2023,Hải Phòng,39.400000000000006,10
2023,Hải Phòng,39.45,118
2023,Hải Phòng,39.5,117
2023,Hải Phòng,39.55,107
2023,Hải Phòng,39.599999999999994,1
2023,Hải Phòng,39.6,116
2023,Hải Phòng,39.65,109
2023,Hải Phòng,39.650000000000006,4
2023,Hải Phòng,39.7,116
2023,Hải Phòng,39.75,112
2023,Hải Phòng,39.8,114
2023,Hải Phòng,39.849999999999994,6
2023,Hải Phòng,39.85,120
2023,Hải Phòng,39.9,121
2023,Hải Phòng,39.900000000000006,9
2023,Hải Phòng,39.95,99
2023,Hải Phòng,40.0,100
2023,Hải Phòng,40.05,119
2023,Hải Phòng,40.099999999999994,10
2023,Hải Phòng,40.1,120
2023,Hải Phòng,40.15,129
2023,Hải Phòng,40.150000000000006,7
2023,Hải Phòng,40.2,139
2023,Hải Phòng,40.25,122
2023,Hải Phòng,40.3,130
2023,Hải Phòng,40.349999999999994,6
2023,Hải Phòng,40.35,123
2023,Hải Phòng,40.4,124
2023,Hải Phòng,40.400000000000006,8
2023,Hải Phòng,40.45,122
2023,Hải Phòng,40.5,129
2023,Hải Phòng,40.55,160
2023,Hải Phòng,40.599999999999994,4
2023,Hải Phòng,40.6,120
2023,Hải Phòng,40.65,118
2023,Hải Phòng,40.650000000000006,7
2023,Hải Phòng,40.7,133
2023,Hải Phòng,40.75,136
2023,Hải Phòng,40.8,131
2023,Hải Phòng,40.849999999999994,6
2023,Hải Phòng,40.85,125
2023,Hải Phòng,40.9,107
2023,Hải Phòng,40.900000000000006,6
2023,Hải Phòng,40.95,136
2023,Hải Phòng,41.0,135
2023,Hải Phòng,41.05,125
2023,Hải Phòng,41.099999999999994,4
2023,Hải Phòng,41.1,119
2023,Hải Phòng,41.15,134
2023,Hải Phòng,41.150000000000006,9
2023,Hải Phòng,41.2,128
2023,Hải Phòng,41.25,129
2023,Hải Phòng,41.3,124
2023,Hải Phòng,41.349999999999994,6
2023,Hải Phòng,41.35,114
2023,Hải Phòng,41.4,119
2023,Hải Phòng,41.400000000000006,7
2023,Hải Phòng,41.45,120
2023,Hải Phòng,41.5,112
2023,Hải Phòng,41.55,122
2023,Hải Phòng,41.599999999999994,12
2023,Hải Phòng,41.6,118
2023,Hải Phòng,41.65,119
2023,Hải Phòng,41.650000000000006,5
2023,Hải Phòng,41.7,127
2023,Hải Phòng,41.75,135
2023,Hải Phòng,41.8,131
2023,Hải Phòng,41.849999999999994,2
2023,Hải Phòng,41.85,115
2023,Hải Phòng,41.9,124
2023,Hải Phòng,41.900000000000006,9
2023,Hải Phòng,41.95,143
2023,Hải Phòng,42.0,136
2023,Hải Phòng,42.05,126
2023,Hải Phòng,42.099999999999994,6
2023,Hải Phòng,42.1,122
2023,Hải Phòng,42.15,125
2023,Hải Phòng,42.150000000000006,12
2023,Hải Phòng,42.2,117
2023,Hải Phòng,42.25,115
2023,Hải Phòng,42.3,142
2023,Hải Phòng,42.349999999999994,5
2023,Hải Phòng,42.35,118
2023,Hải Phòng,42.4,112
2023,Hải Phòng,42.400000000000006,11
2023,Hải Phòng,42.45,138
2023,Hải Phòng,42.5,133
2023,Hải Phòng,42.55,147
2023,Hải Phòng,42.599999999999994,5
2023,Hải Phòng,42.6,126
2023,Hải Phòng,42.65,102
2023,Hải Phòng,42.650000000000006,6
2023,Hải Phòng,42.7,128
2023,Hải Phòng,42.75,126
2023,Hải Phòng,42.8,137
2023,Hải Phòng,42.849999999999994,7
2023,Hải Phòng,42.85,120
2023,Hải Phòng,42.9,132
2023,Hải Phòng,42.900000000000006,6
2023,Hải Phòng,42.95,143
2023,Hải Phòng,43.0,140
2023,Hải Phòng,43.05,142
2023,Hải Phòng,43.099999999999994,8
2023,Hải Phòng,43.1,115
2023,Hải Phòng,43.15,113
2023,Hải Phòng,43.150000000000006,6
2023,Hải Phòng,43.2,141
2023,Hải Phòng,43.25,141
2023,Hải Phòng,43.3,125
2023,Hải Phòng,43.349999999999994,9
2023,Hải Phòng,43.35,129
2023,Hải Phòng,43.4,131
2023,Hải Phòng,43.400000000000006,9
2023,Hải Phòng,43.45,124
2023,Hải Phòng,43.5,127
2023,Hải Phòng,43.55,143
2023,Hải Phòng,43.599999999999994,8
2023,Hải Phòng,43.6,105
2023,Hải Phòng,43.65,111
2023,Hải Phòng,43.650000000000006,1
2023,Hải Phòng,43.7,136
2023,Hải Phòng,43.75,111
2023,Hải Phòng,43.8,134
2023,Hải Phòng,43.849999999999994,12
2023,Hải Phòng,43.85,108
2023,Hải Phòng,43.9,108
2023,Hải Phòng,43.900000000000006,11
2023,Hải Phòng,43.95,128
2023,Hải Phòng,44.0,135
2023,Hải Phòng,44.05,134
2023,Hải Phòng,44.099999999999994,8
2023,Hải Phòng,44.1,97
2023,Hải Phòng,44.15,124
2023,Hải Phòng,44.150000000000006,12
2023,Hải Phòng,44.2,119
2023,Hải Phòng,44.25,118
2023,Hải Phòng,44.3,116
2023,Hải Phòng,44.349999999999994,14
2023,Hải Phòng,44.35,104
2023,Hải Phòng,44.4,132
2023,Hải Phòng,44.400000000000006,10
2023,Hải Phòng,44.45,114
2023,Hải Phòng,44.5,110
2023,Hải Phòng,44.55,125
2023,Hải Phòng,44.599999999999994,12
2023,Hải Phòng,44.6,112
2023,Hải Phòng,44.65,118
2023,Hải Phòng,44.650000000000006,13
2023,Hải Phòng,44.7,104
2023,Hải Phòng,44.75,127
2023,Hải Phòng,44.8,117
2023,Hải Phòng,44.849999999999994,8
2023,Hải Phòng,44.85,101
2023,Hải Phòng,44.9,116
2023,Hải Phòng,44.900000000000006,11
2023,Hải Phòng,44.95,104
2023,Hải Phòng,45.0,121
2023,Hải Phòng,45.05,105
2023,Hải Phòng,45.099999999999994,10
2023,Hải Phòng,45.1,105
2023,Hải Phòng,45.15,108
2023,Hải Phòng,45.150000000000006,17
2023,Hải Phòng,45.2,112
2023,Hải Phòng,45.25,110
2023,Hải Phòng,45.3,106
2023,Hải Phòng,45.349999999999994,12
2023,Hải Phòng,45.35,100
2023,Hải Phòng,45.4,103
2023,Hải Phòng,45.400000000000006,20
2023,Hải Phòng,45.45,114
2023,Hải Phòng,45.5,125
2023,Hải Phòng,45.55,115
2023,Hải Phòng,45.599999999999994,14
2023,Hải Phòng,45.6,93
2023,Hải Phòng,45.65,93
2023,Hải Phòng,45.650000000000006,8
2023,Hải Phòng,45.7,136
2023,Hải Phòng,45.75,119
2023,Hải Phòng,45.8,111
2023,Hải Phòng,45.849999999999994,17
2023,Hải Phòng,45.85,91
2023,Hải Phòng,45.9,104
2023,Hải Phòng,45.900000000000006,8
2023,Hải Phòng,45.95,100
2023,Hải Phòng,46.0,104
2023,Hải Phòng,46.05,120
2023,Hải Phòng,46.099999999999994,11
2023,Hải Phòng,46.1,92
2023,Hải Phòng,46.15,102
2023,Hải Phòng,46.150000000000006,12
2023,Hải Phòng,46.2,100
2023,Hải Phòng,46.25,99
2023,Hải Phòng,46.3,101
2023,Hải Phòng,46.349999999999994,14
2023,Hải Phòng,46.35,99
2023,Hải Phòng,46.4,85
2023,Hải Phòng,46.400000000000006,11
2023,Hải Phòng,46.45,94
2023,Hải Phòng,46.5,112
2023,Hải Phòng,46.55,88
2023,Hải Phòng,46.599999999999994,14
2023,Hải Phòng,46.6,80
2023,Hải Phòng,46.65,95
2023,Hải Phòng,46.650000000000006,17
2023,Hải Phòng,46.7,79
2023,Hải Phòng,46.75,83
2023,Hải Phòng,46.8,94
2023,Hải Phòng,46.849999999999994,11
2023,Hải Phòng,46.85,60
2023,Hải Phòng,46.9,86
2023,Hải Phòng,46.900000000000006,13
2023,Hải Phòng,46.95,83
2023,Hải Phòng,47.0,84
2023,Hải Phòng,47.05,85
2023,Hải Phòng,47.099999999999994,11
2023,Hải Phòng,47.1,80
2023,Hải Phòng,47.15,88
2023,Hải Phòng,47.150000000000006,12
2023,Hải Phòng,47.2,82
2023,Hải Phòng,47.25,87
2023,Hải Phòng,47.3,106
2023,Hải Phòng,47.349999999999994,17
2023,Hải Phòng,47.35,61
2023,Hải Phòng,47.4,60
2023,Hải Phòng,47.400000000000006,16
2023,Hải Phòng,47.45,106
2023,Hải Phòng,47.5,74
2023,Hải Phòng,47.55,90
2023,Hải Phòng,47.599999999999994,9
2023,Hải Phòng,47.6,78
2023,Hải Phòng,47.65,83
2023,Hải Phòng,47.650000000000006,17
2023,Hải Phòng,47.7,87
2023,Hải Phòng,47.75,85
2023,Hải Phòng,47.8,81
2023,Hải Phòng,47.849999999999994,14
2023,Hải Phòng,47.85,72
2023,Hải Phòng,47.9,87
2023,Hải Phòng,47.900000000000006,20
2023,Hải Phòng,47.95,76
2023,Hải Phòng,48.0,66
2023,Hải Phòng,48.05,67
2023,Hải Phòng,48.099999999999994,10
2023,Hải Phòng,48.1,69
2023,Hải Phòng,48.15,89
2023,Hải Phòng,48.150000000000006,12
2023,Hải Phòng,48.2,79
2023,Hải Phòng,48.25,79
2023,Hải Phòng,48.3,91
2023,Hải Phòng,48.349999999999994,12
2023,Hải Phòng,48.35,58
2023,Hải Phòng,48.4,75
2023,Hải Phòng,48.400000000000006,10
2023,Hải Phòng,48.45,57
2023,Hải Phòng,48.5,75
2023,Hải Phòng,48.55,77
2023,Hải Phòng,48.599999999999994,10
2023,Hải Phòng,48.6,54
2023,Hải Phòng,48.65,58
2023,Hải Phòng,48.650000000000006,11
2023,Hải Phòng,48.7,61
2023,Hải Phòng,48.75,72
2023,Hải Phòng,48.8,52
2023,Hải Phòng,48.849999999999994,14
2023,Hải Phòng,48.85,51
2023,Hải Phòng,48.9,50
2023,Hải Phòng,48.900000000000006,7
2023,Hải Phòng,48.95,65
2023,Hải Phòng,49.0,63
2023,Hải Phòng,49.05,70
2023,Hải Phòng,49.099999999999994,12
2023,Hải Phòng,49.1,45
2023,Hải Phòng,49.15,58
2023,Hải Phòng,49.150000000000006,10
2023,Hải Phòng,49.2,64
2023,Hải Phòng,49.25,54
2023,Hải Phòng,49.3,53
2023,Hải Phòng,49.349999999999994,11
2023,Hải Phòng,49.35,40
2023,Hải Phòng,49.4,45
2023,Hải Phòng,49.400000000000006,14
2023,Hải Phòng,49.45,54
2023,Hải Phòng,49.5,62
2023,Hải Phòng,49.55,48
2023,Hải Phòng,49.599999999999994,18
2023,Hải Phòng,49.6,47
2023,Hải Phòng,49.65,33
2023,Hải Phòng,49.650000000000006,13
2023,Hải Phòng,49.7,36
2023,Hải Phòng,49.75,46
2023,Hải Phòng,49.8,53
2023,Hải Phòng,49.849999999999994,8
2023,Hải Phòng,49.85,40
2023,Hải Phòng,49.9,35
2023,Hải Phòng,49.900000000000006,6
2023,Hải Phòng,49.95,55
2023,Hải Phòng,50.0,54
2023,Hải Phòng,50.05,41
2023,Hải Phòng,50.099999999999994,10
2023,Hải Phòng,50.1,34
2023,Hải Phòng,50.15,29
2023,Hải Phòng,50.150000000000006,15
2023,Hải Phòng,50.2,58
2023,Hải Phòng,50.25,47
2023,Hải Phòng,50.3,53
2023,Hải Phòng,50.349999999999994,11
2023,Hải Phòng,50.35,30
2023,Hải Phòng,50.4,26
2023,Hải Phòng,50.400000000000006,10
2023,Hải Phòng,50.45,28
2023,Hải Phòng,50.5,43
2023,Hải Phòng,50.55,40
2023,Hải Phòng,50.599999999999994,10
2023,Hải Phòng,50.6,33
2023,Hải Phòng,50.65,24
2023,Hải Phòng,50.650000000000006,8
2023,Hải Phòng,50.7,29
2023,Hải Phòng,50.75,34
2023,Hải Phòng,50.8,27
2023,Hải Phòng,50.849999999999994,5
2023,Hải Phòng,50.85,20
2023,Hải Phòng,50.9,26
2023,Hải Phòng,50.900000000000006,6
2023,Hải Phòng,50.95,38
2023,Hải Phòng,51.0,34
2023,Hải Phòng,51.05,24
2023,Hải Phòng,51.099999999999994,4
2023,Hải Phòng,51.1,13
2023,Hải Phòng,51.15,25
2023,Hải Phòng,51.150000000000006,7
2023,Hải Phòng,51.2,29
2023,Hải Phòng,51.25,25
2023,Hải Phòng,51.3,28
2023,Hải Phòng,51.349999999999994,2
2023,Hải Phòng,51.35,19
2023,Hải Phòng,51.4,18
2023,Hải Phòng,51.400000000000006,9
2023,Hải Phòng,51.45,29
2023,Hải Phòng,51.5,26
2023,Hải Phòng,51.55,30
2023,Hải Phòng,51.6,21
2023,Hải Phòng,51.65,18
2023,Hải Phòng,51.650000000000006,1
2023,Hải Phòng,51.7,11
2023,Hải Phòng,51.75,23
2023,Hải Phòng,51.8,16
2023,Hải Phòng,51.849999999999994,8
2023,Hải Phòng,51.85,14
2023,Hải Phòng,51.9,24
2023,Hải Phòng,51.900000000000006,3
2023,Hải Phòng,51.95,29
2023,Hải Phòng,52.0,18
2023,Hải Phòng,52.05,18
2023,Hải Phòng,52.099999999999994,5
2023,Hải Phòng,52.1,19
2023,Hải Phòng,52.15,14
2023,Hải Phòng,52.150000000000006,5
2023,Hải Phòng,52.2,14
2023,Hải Phòng,52.25,20
2023,Hải Phòng,52.3,15
2023,Hải Phòng,52.349999999999994,3
2023,Hải Phòng,52.35,15
2023,Hải Phòng,52.4,7
2023,Hải Phòng,52.400000000000006,4
2023,Hải Phòng,52.45,15
2023,Hải Phòng,52.5,17
2023,Hải Phòng,52.55,18
2023,Hải Phòng,52.599999999999994,1
2023,Hải Phòng,52.6,10
2023,Hải Phòng,52.65,10
2023,Hải Phòng,52.650000000000006,1
2023,Hải Phòng,52.7,10
2023,Hải Phòng,52.75,9
2023,Hải Phòng,52.8,20
2023,Hải Phòng,52.849999999999994,6
2023,Hải Phòng,52.85,7
2023,Hải Phòng,52.9,5
2023,Hải Phòng,52.900000000000006,2
2023,Hải Phòng,52.95,11
2023,Hải Phòng,53.0,9
2023,Hải Phòng,53.05,14
2023,Hải Phòng,53.099999999999994,3
2023,Hải Phòng,53.1,12
2023,Hải Phòng,53.15,7
2023,Hải Phòng,53.2,7
2023,Hải Phòng,53.25,11
2023,Hải Phòng,53.3,10
2023,Hải Phòng,53.349999999999994,2
2023,Hải Phòng,53.35,6
2023,Hải Phòng,53.4,4
2023,Hải Phòng,53.45,8
2023,Hải Phòng,53.5,4
2023,Hải Phòng,53.55,7
2023,Hải Phòng,53.6,5
2023,Hải Phòng,53.65,6
2023,Hải Phòng,53.650000000000006,2
2023,Hải Phòng,53.7,11
2023,Hải Phòng,53.75,10
2023,Hải Phòng,53.8,5
2023,Hải Phòng,53.849999999999994,1
2023,Hải Phòng,53.85,6
2023,Hải Phòng,53.9,3
2023,Hải Phòng,53.95,9
2023,Hải Phòng,54.0,5
2023,Hải Phòng,54.05,5
2023,Hải Phòng,54.099999999999994,2
2023,Hải Phòng,54.1,3
2023,Hải Phòng,54.15,3
2023,Hải Phòng,54.150000000000006,1
2023,Hải Phòng,54.2,4
2023,Hải Phòng,54.25,2
2023,Hải Phòng,54.3,3
2023,Hải Phòng,54.349999999999994,2
2023,Hải Phòng,54.35,1
2023,Hải Phòng,54.4,2
2023,Hải Phòng,54.45,2
2023,Hải Phòng,54.5,2
2023,Hải Phòng,54.55,1
2023,Hải Phòng,54.599999999999994,1
2023,Hải Phòng,54.65,1
2023,Hải Phòng,54.650000000000006,2
2023,Hải Phòng,54.7,2
2023,Hải Phòng,54.75,1
2023,Hải Phòng,54.85,2
2023,Hải Phòng,54.900000000000006,2
2023,Hải Phòng,55.05,1
2023,Hải Phòng,55.1,1
2023,Hải Phòng,55.3,1
2023,Hải Phòng,55.35,1
2023,Hải Phòng,55.45,3
2023,Hải Phòng,55.5,1
2023,Hải Phòng,55.55,3
2023,Hải Phòng,55.85,1
2023,Hải Phòng,55.9,1
2023,Hải Phòng,56.05,1
2024,Hải Phòng,4.0,1
2024,Hải Phòng,4.2,1
2024,Hải Phòng,5.25,1
2024,Hải Phòng,5.4,1
2024,Hải Phòng,5.5,1
2024,Hải Phòng,6.4,1
2024,Hải Phòng,6.45,1
2024,Hải Phòng,6.5,2
2024,Hải Phòng,6.6,1
2024,Hải Phòng,7.4,4
2024,Hải Phòng,7.55,1
2024,Hải Phòng,7.75,1
2024,Hải Phòng,8.0,5
2024,Hải Phòng,8.05,1
2024,Hải Phòng,8.2,1
2024,Hải Phòng,8.25,6
2024,Hải Phòng,8.3,1
2024,Hải Phòng,8.5,3
2024,Hải Phòng,8.6,1
2024,Hải Phòng,8.8,2
2024,Hải Phòng,8.85,1
2024,Hải Phòng,8.9,1
2024,Hải Phòng,8.95,1
2024,Hải Phòng,9.0,3
2024,Hải Phòng,9.2,1
2024,Hải Phòng,9.25,3
2024,Hải Phòng,9.3,1
2024,Hải Phòng,9.5,1
2024,Hải Phòng,9.7,1
2024,Hải Phòng,9.75,1
2024,Hải Phòng,9.8,1
2024,Hải Phòng,9.95,1
2024,Hải Phòng,10.0,3
2024,Hải Phòng,10.05,1
2024,Hải Phòng,10.15,2
2024,Hải Phòng,10.2,1
2024,Hải Phòng,10.25,3
2024,Hải Phòng,10.3,1
2024,Hải Phòng,10.4,1
2024,Hải Phòng,10.45,1
2024,Hải Phòng,10.5,1
2024,Hải Phòng,10.55,1
2024,Hải Phòng,10.65,1
2024,Hải Phòng,10.8,1
2024,Hải Phòng,10.9,1
2024,Hải Phòng,10.95,1
2024,Hải Phòng,11.05,1
2024,Hải Phòng,11.1,2
2024,Hải Phòng,11.15,1
2024,Hải Phòng,11.25,2
2024,Hải Phòng,11.3,4
2024,Hải Phòng,11.4,2
2024,Hải Phòng,11.45,2
2024,Hải Phòng,11.5,3
2024,Hải Phòng,11.55,2
2024,Hải Phòng,11.6,1
2024,Hải Phòng,11.65,3
2024,Hải Phòng,11.7,1
2024,Hải Phòng,11.75,2
2024,Hải Phòng,11.85,3
2024,Hải Phòng,11.9,2
2024,Hải Phòng,11.95,1
2024,Hải Phòng,12.0,3
2024,Hải Phòng,12.05,2
2024,Hải Phòng,12.1,1
2024,Hải Phòng,12.2,3
2024,Hải Phòng,12.25,2
2024,Hải Phòng,12.35,3
2024,Hải Phòng,12.45,1
2024,Hải Phòng,12.5,1
2024,Hải Phòng,12.55,2
2024,Hải Phòng,12.6,1
2024,Hải Phòng,12.649999999999999,1
2024,Hải Phòng,12.65,3
2024,Hải Phòng,12.7,2
2024,Hải Phòng,12.75,1
2024,Hải Phòng,12.8,1
2024,Hải Phòng,12.9,3
2024,Hải Phòng,13.0,2
2024,Hải Phòng,13.05,2
2024,Hải Phòng,13.1,5
2024,Hải Phòng,13.15,4
2024,Hải Phòng,13.2,3
2024,Hải Phòng,13.25,4
2024,Hải Phòng,13.3,2
2024,Hải Phòng,13.35,3
2024,Hải Phòng,13.4,4
2024,Hải Phòng,13.45,4
2024,Hải Phòng,13.5,7
2024,Hải Phòng,13.55,2
2024,Hải Phòng,13.6,4
2024,Hải Phòng,13.65,2
2024,Hải Phòng,13.7,4
2024,Hải Phòng,13.75,2
2024,Hải Phòng,13.85,5
2024,Hải Phòng,13.899999999999999,1
2024,Hải Phòng,13.9,3
2024,Hải Phòng,13.95,6
2024,Hải Phòng,14.0,3
2024,Hải Phòng,14.05,2
2024,Hải Phòng,14.1,5
2024,Hải Phòng,14.15,6
2024,Hải Phòng,14.2,3
2024,Hải Phòng,14.25,6
2024,Hải Phòng,14.3,6
2024,Hải Phòng,14.35,3
2024,Hải Phòng,14.350000000000001,1
2024,Hải Phòng,14.4,4
2024,Hải Phòng,14.45,2
2024,Hải Phòng,14.5,6
2024,Hải Phòng,14.55,3
2024,Hải Phòng,14.6,2
2024,Hải Phòng,14.65,9
2024,Hải Phòng,14.7,1
2024,Hải Phòng,14.75,3
2024,Hải Phòng,14.8,4
2024,Hải Phòng,14.85,5
2024,Hải Phòng,14.9,4
2024,Hải Phòng,14.95,3
2024,Hải Phòng,15.0,11
2024,Hải Phòng,15.05,3
2024,Hải Phòng,15.1,6
2024,Hải Phòng,15.15,4
2024,Hải Phòng,15.2,6
2024,Hải Phòng,15.25,5
2024,Hải Phòng,15.3,6
2024,Hải Phòng,15.35,6
2024,Hải Phòng,15.4,8
2024,Hải Phòng,15.45,7
2024,Hải Phòng,15.5,12
2024,Hải Phòng,15.55,7
2024,Hải Phòng,15.6,13
2024,Hải Phòng,15.65,4
2024,Hải Phòng,15.7,10
2024,Hải Phòng,15.75,13
2024,Hải Phòng,15.8,10
2024,Hải Phòng,15.85,10
2024,Hải Phòng,15.9,5
2024,Hải Phòng,15.95,5
2024,Hải Phòng,16.0,11
2024,Hải Phòng,16.05,5
2024,Hải Phòng,16.099999999999998,1
2024,Hải Phòng,16.1,4
2024,Hải Phòng,16.15,10
2024,Hải Phòng,16.2,3
2024,Hải Phòng,16.25,12
2024,Hải Phòng,16.3,3
2024,Hải Phòng,16.35,8
2024,Hải Phòng,16.4,11
2024,Hải Phòng,16.45,10
2024,Hải Phòng,16.5,6
2024,Hải Phòng,16.55,4
2024,Hải Phòng,16.6,6
2024,Hải Phòng,16.65,8
2024,Hải Phòng,16.650000000000002,1
2024,Hải Phòng,16.7,8
2024,Hải Phòng,16.75,11
2024,Hải Phòng,16.8,7
2024,Hải Phòng,16.85,7
2024,Hải Phòng,16.9,15
2024,Hải Phòng,16.95,7
2024,Hải Phòng,17.0,16
2024,Hải Phòng,17.05,13
2024,Hải Phòng,17.1,13
2024,Hải Phòng,17.15,7
2024,Hải Phòng,17.2,12
2024,Hải Phòng,17.25,17
2024,Hải Phòng,17.3,19
2024,Hải Phòng,17.35,8
2024,Hải Phòng,17.4,11
2024,Hải Phòng,17.45,15
2024,Hải Phòng,17.5,13
2024,Hải Phòng,17.55,13
2024,Hải Phòng,17.6,13
2024,Hải Phòng,17.65,17
2024,Hải Phòng,17.7,8
2024,Hải Phòng,17.75,15
2024,Hải Phòng,17.8,14
2024,Hải Phòng,17.85,14
2024,Hải Phòng,17.9,12
2024,Hải Phòng,17.95,6
2024,Hải Phòng,18.0,15
2024,Hải Phòng,18.05,13
2024,Hải Phòng,18.1,15
2024,Hải Phòng,18.15,15
2024,Hải Phòng,18.2,11
2024,Hải Phòng,18.25,23
2024,Hải Phòng,18.3,18
2024,Hải Phòng,18.35,16
2024,Hải Phòng,18.4,23
2024,Hải Phòng,18.45,16
2024,Hải Phòng,18.5,13
2024,Hải Phòng,18.55,11
2024,Hải Phòng,18.6,23
2024,Hải Phòng,18.65,14
2024,Hải Phòng,18.7,12
2024,Hải Phòng,18.75,18
2024,Hải Phòng,18.799999999999997,1
2024,Hải Phòng,18.8,12
2024,Hải Phòng,18.85,16
2024,Hải Phòng,18.9,15
2024,Hải Phòng,18.95,16
2024,Hải Phòng,18.950000000000003,1
2024,Hải Phòng,19.0,28
2024,Hải Phòng,19.05,25
2024,Hải Phòng,19.1,24
2024,Hải Phòng,19.15,17
2024,Hải Phòng,19.150000000000002,1
2024,Hải Phòng,19.2,14
2024,Hải Phòng,19.25,26
2024,Hải Phòng,19.3,18
2024,Hải Phòng,19.35,26
2024,Hải Phòng,19.4,17
2024,Hải Phòng,19.45,20
2024,Hải Phòng,19.450000000000003,1
2024,Hải Phòng,19.5,27
2024,Hải Phòng,19.55,19
2024,Hải Phòng,19.6,17
2024,Hải Phòng,19.65,18
2024,Hải Phòng,19.7,15
2024,Hải Phòng,19.75,19
2024,Hải Phòng,19.799999999999997,1
2024,Hải Phòng,19.8,18
2024,Hải Phòng,19.85,23
2024,Hải Phòng,19.9,29
2024,Hải Phòng,19.95,22
2024,Hải Phòng,20.0,23
2024,Hải Phòng,20.05,22
2024,Hải Phòng,20.1,16
2024,Hải Phòng,20.15,21
2024,Hải Phòng,20.2,30
2024,Hải Phòng,20.200000000000003,1
2024,Hải Phòng,20.25,30
2024,Hải Phòng,20.3,31
2024,Hải Phòng,20.35,24
2024,Hải Phòng,20.4,26
2024,Hải Phòng,20.45,29
2024,Hải Phòng,20.5,41
2024,Hải Phòng,20.55,26
2024,Hải Phòng,20.6,24
2024,Hải Phòng,20.65,31
2024,Hải Phòng,20.7,21
2024,Hải Phòng,20.700000000000003,1
2024,Hải Phòng,20.75,27
2024,Hải Phòng,20.8,21
2024,Hải Phòng,20.85,29
2024,Hải Phòng,20.9,24
2024,Hải Phòng,20.95,26
2024,Hải Phòng,21.0,30
2024,Hải Phòng,21.049999999999997,1
2024,Hải Phòng,21.05,19
2024,Hải Phòng,21.1,20
2024,Hải Phòng,21.15,28
2024,Hải Phòng,21.2,28
2024,Hải Phòng,21.25,17
2024,Hải Phòng,21.3,31
2024,Hải Phòng,21.349999999999998,1
2024,Hải Phòng,21.35,29
2024,Hải Phòng,21.4,28
2024,Hải Phòng,21.45,24
2024,Hải Phòng,21.450000000000003,4
2024,Hải Phòng,21.5,42
2024,Hải Phòng,21.549999999999997,2
2024,Hải Phòng,21.55,31
2024,Hải Phòng,21.6,33
2024,Hải Phòng,21.65,28
2024,Hải Phòng,21.7,27
2024,Hải Phòng,21.75,27
2024,Hải Phòng,21.8,36
2024,Hải Phòng,21.85,27
2024,Hải Phòng,21.9,34
2024,Hải Phòng,21.95,32
2024,Hải Phòng,22.0,36
2024,Hải Phòng,22.05,32
2024,Hải Phòng,22.1,32
2024,Hải Phòng,22.15,25
2024,Hải Phòng,22.2,32
2024,Hải Phòng,22.200000000000003,1
2024,Hải Phòng,22.25,38
2024,Hải Phòng,22.3,31
2024,Hải Phòng,22.35,31
2024,Hải Phòng,22.4,30
2024,Hải Phòng,22.45,31
2024,Hải Phòng,22.450000000000003,1
2024,Hải Phòng,22.5,53
2024,Hải Phòng,22.549999999999997,2
2024,Hải Phòng,22.55,34
2024,Hải Phòng,22.6,38
2024,Hải Phòng,22.65,29
2024,Hải Phòng,22.7,33
2024,Hải Phòng,22.75,46
2024,Hải Phòng,22.8,29
2024,Hải Phòng,22.85,31
2024,Hải Phòng,22.9,26
2024,Hải Phòng,22.95,24
2024,Hải Phòng,22.950000000000003,1
2024,Hải Phòng,23.0,36
2024,Hải Phòng,23.049999999999997,1
2024,Hải Phòng,23.05,35
2024,Hải Phòng,23.1,39
2024,Hải Phòng,23.15,37
2024,Hải Phòng,23.2,37
2024,Hải Phòng,23.25,22
2024,Hải Phòng,23.299999999999997,2
2024,Hải Phòng,23.3,27
2024,Hải Phòng,23.349999999999998,2
2024,Hải Phòng,23.35,40
2024,Hải Phòng,23.4,31
2024,Hải Phòng,23.45,35
2024,Hải Phòng,23.5,37
2024,Hải Phòng,23.55,50
2024,Hải Phòng,23.6,35
2024,Hải Phòng,23.65,43
2024,Hải Phòng,23.7,37
2024,Hải Phòng,23.700000000000003,2
2024,Hải Phòng,23.75,32
2024,Hải Phòng,23.8,37
2024,Hải Phòng,23.85,21
2024,Hải Phòng,23.9,39
2024,Hải Phòng,23.95,33
2024,Hải Phòng,23.950000000000003,1
2024,Hải Phòng,24.0,43
2024,Hải Phòng,24.049999999999997,1
2024,Hải Phòng,24.05,37
2024,Hải Phòng,24.1,30
2024,Hải Phòng,24.15,47
2024,Hải Phòng,24.150000000000002,2
2024,Hải Phòng,24.2,32
2024,Hải Phòng,24.25,41
2024,Hải Phòng,24.299999999999997,2
2024,Hải Phòng,24.3,38
2024,Hải Phòng,24.35,39
2024,Hải Phòng,24.4,35
2024,Hải Phòng,24.45,39
2024,Hải Phòng,24.450000000000003,2
2024,Hải Phòng,24.5,45
2024,Hải Phòng,24.549999999999997,2
2024,Hải Phòng,24.55,39
2024,Hải Phòng,24.6,30
2024,Hải Phòng,24.65,33
2024,Hải Phòng,24.7,34
2024,Hải Phòng,24.75,47
2024,Hải Phòng,24.799999999999997,2
2024,Hải Phòng,24.8,33
2024,Hải Phòng,24.849999999999998,2
2024,Hải Phòng,24.85,37
2024,Hải Phòng,24.9,35
2024,Hải Phòng,24.95,45
2024,Hải Phòng,24.950000000000003,4
2024,Hải Phòng,25.0,40
2024,Hải Phòng,25.049999999999997,3
2024,Hải Phòng,25.05,40
2024,Hải Phòng,25.1,30
2024,Hải Phòng,25.15,40
2024,Hải Phòng,25.2,37
2024,Hải Phòng,25.200000000000003,2
2024,Hải Phòng,25.25,32
2024,Hải Phòng,25.299999999999997,4
2024,Hải Phòng,25.3,26
2024,Hải Phòng,25.35,51
2024,Hải Phòng,25.4,29
2024,Hải Phòng,25.400000000000002,2
2024,Hải Phòng,25.45,48
2024,Hải Phòng,25.450000000000003,2
2024,Hải Phòng,25.5,53
2024,Hải Phòng,25.549999999999997,1
2024,Hải Phòng,25.55,35
2024,Hải Phòng,25.6,34
2024,Hải Phòng,25.65,31
2024,Hải Phòng,25.7,36
2024,Hải Phòng,25.700000000000003,2
2024,Hải Phòng,25.75,39
2024,Hải Phòng,25.799999999999997,1
2024,Hải Phòng,25.8,31
2024,Hải Phòng,25.849999999999998,1
2024,Hải Phòng,25.85,25
2024,Hải Phòng,25.9,31
2024,Hải Phòng,25.900000000000002,1
2024,Hải Phòng,25.95,24
2024,Hải Phòng,25.950000000000003,1
2024,Hải Phòng,26.0,46
2024,Hải Phòng,26.049999999999997,1
2024,Hải Phòng,26.05,33
2024,Hải Phòng,26.1,34
2024,Hải Phòng,26.15,29
2024,Hải Phòng,26.2,38
2024,Hải Phòng,26.200000000000003,2
2024,Hải Phòng,26.25,39
2024,Hải Phòng,26.299999999999997,1
2024,Hải Phòng,26.3,28
2024,Hải Phòng,26.35,34
2024,Hải Phòng,26.4,24
2024,Hải Phòng,26.45,22
2024,Hải Phòng,26.450000000000003,1
2024,Hải Phòng,26.5,35
2024,Hải Phòng,26.55,36
2024,Hải Phòng,26.599999999999998,1
2024,Hải Phòng,26.6,34
2024,Hải Phòng,26.65,29
2024,Hải Phòng,26.7,37
2024,Hải Phòng,26.700000000000003,1
2024,Hải Phòng,26.75,35
2024,Hải Phòng,26.799999999999997,2
2024,Hải Phòng,26.8,39
2024,Hải Phòng,26.85,43
2024,Hải Phòng,26.9,30
2024,Hải Phòng,26.95,27
2024,Hải Phòng,27.0,24
2024,Hải Phòng,27.05,36
2024,Hải Phòng,27.1,30
2024,Hải Phòng,27.15,20
2024,Hải Phòng,27.2,35
2024,Hải Phòng,27.200000000000003,2
2024,Hải Phòng,27.25,34
2024,Hải Phòng,27.3,36
2024,Hải Phòng,27.35,27
2024,Hải Phòng,27.4,23
2024,Hải Phòng,27.45,26
2024,Hải Phòng,27.5,40
2024,Hải Phòng,27.549999999999997,1
2024,Hải Phòng,27.55,34
2024,Hải Phòng,27.6,30
2024,Hải Phòng,27.65,36
2024,Hải Phòng,27.7,22
2024,Hải Phòng,27.700000000000003,2
2024,Hải Phòng,27.75,29
2024,Hải Phòng,27.8,17
2024,Hải Phòng,27.85,36
2024,Hải Phòng,27.9,26
2024,Hải Phòng,27.95,31
2024,Hải Phòng,27.950000000000003,3
2024,Hải Phòng,28.0,27
2024,Hải Phòng,28.049999999999997,4
2024,Hải Phòng,28.05,33
2024,Hải Phòng,28.1,28
2024,Hải Phòng,28.15,23
2024,Hải Phòng,28.2,31
2024,Hải Phòng,28.200000000000003,1
2024,Hải Phòng,28.25,30
2024,Hải Phòng,28.299999999999997,1
2024,Hải Phòng,28.3,30
2024,Hải Phòng,28.35,13
2024,Hải Phòng,28.4,28
2024,Hải Phòng,28.45,22
2024,Hải Phòng,28.5,21
2024,Hải Phòng,28.549999999999997,4
2024,Hải Phòng,28.55,24
2024,Hải Phòng,28.6,24
2024,Hải Phòng,28.65,30
2024,Hải Phòng,28.7,29
2024,Hải Phòng,28.700000000000003,2
2024,Hải Phòng,28.75,25
2024,Hải Phòng,28.799999999999997,2
2024,Hải Phòng,28.8,27
2024,Hải Phòng,28.85,30
2024,Hải Phòng,28.9,29
2024,Hải Phòng,28.95,21
2024,Hải Phòng,28.950000000000003,2
2024,Hải Phòng,29.0,28
2024,Hải Phòng,29.049999999999997,5
2024,Hải Phòng,29.05,22
2024,Hải Phòng,29.1,22
2024,Hải Phòng,29.15,20
2024,Hải Phòng,29.2,24
2024,Hải Phòng,29.200000000000003,1
2024,Hải Phòng,29.25,16
2024,Hải Phòng,29.299999999999997,1
2024,Hải Phòng,29.3,19
2024,Hải Phòng,29.35,32
2024,Hải Phòng,29.4,32
2024,Hải Phòng,29.45,20
2024,Hải Phòng,29.450000000000003,4
2024,Hải Phòng,29.5,31
2024,Hải Phòng,29.549999999999997,3
2024,Hải Phòng,29.55,27
2024,Hải Phòng,29.6,23
2024,Hải Phòng,29.65,29
2024,Hải Phòng,29.7,15
2024,Hải Phòng,29.700000000000003,3
2024,Hải Phòng,29.75,20
2024,Hải Phòng,29.8,25
2024,Hải Phòng,29.85,24
2024,Hải Phòng,29.9,28
2024,Hải Phòng,29.95,15
2024,Hải Phòng,30.0,23
2024,Hải Phòng,30.05,20
2024,Hải Phòng,30.1,23
2024,Hải Phòng,30.15,16
2024,Hải Phòng,30.2,28
2024,Hải Phòng,30.200000000000003,2
2024,Hải Phòng,30.25,27
2024,Hải Phòng,30.299999999999997,4
2024,Hải Phòng,30.3,18
2024,Hải Phòng,30.35,28
2024,Hải Phòng,30.4,37
2024,Hải Phòng,30.45,26
2024,Hải Phòng,30.450000000000003,2
2024,Hải Phòng,30.5,26
2024,Hải Phòng,30.549999999999997,3
2024,Hải Phòng,30.55,26
2024,Hải Phòng,30.6,30
2024,Hải Phòng,30.65,20
2024,Hải Phòng,30.7,17
2024,Hải Phòng,30.700000000000003,3
2024,Hải Phòng,30.75,22
2024,Hải Phòng,30.799999999999997,7
2024,Hải Phòng,30.8,17
2024,Hải Phòng,30.85,26
2024,Hải Phòng,30.9,33
2024,Hải Phòng,30.95,19
2024,Hải Phòng,30.950000000000003,4
2024,Hải Phòng,31.0,24
2024,Hải Phòng,31.049999999999997,2
2024,Hải Phòng,31.05,20
2024,Hải Phòng,31.1,31
2024,Hải Phòng,31.15,22
2024,Hải Phòng,31.2,23
2024,Hải Phòng,31.200000000000003,6
2024,Hải Phòng,31.25,23
2024,Hải Phòng,31.299999999999997,4
2024,Hải Phòng,31.3,17
2024,Hải Phòng,31.35,38
2024,Hải Phòng,31.4,22
2024,Hải Phòng,31.45,26
2024,Hải Phòng,31.450000000000003,7
2024,Hải Phòng,31.5,25
2024,Hải Phòng,31.549999999999997,4
2024,Hải Phòng,31.55,31
2024,Hải Phòng,31.6,28
2024,Hải Phòng,31.65,14
2024,Hải Phòng,31.7,11
2024,Hải Phòng,31.700000000000003,5
2024,Hải Phòng,31.75,32
2024,Hải Phòng,31.799999999999997,5
2024,Hải Phòng,31.8,17
2024,Hải Phòng,31.85,33
2024,Hải Phòng,31.9,28
2024,Hải Phòng,31.900000000000002,1
2024,Hải Phòng,31.95,19
2024,Hải Phòng,31.950000000000003,9
2024,Hải Phòng,32.0,36
2024,Hải Phòng,32.05,25
2024,Hải Phòng,32.099999999999994,1
2024,Hải Phòng,32.1,30
2024,Hải Phòng,32.15,28
2024,Hải Phòng,32.150000000000006,1
2024,Hải Phòng,32.2,31
2024,Hải Phòng,32.25,29
2024,Hải Phòng,32.3,39
2024,Hải Phòng,32.35,30
2024,Hải Phòng,32.4,23
2024,Hải Phòng,32.45,24
2024,Hải Phòng,32.5,27
2024,Hải Phòng,32.55,27
2024,Hải Phòng,32.6,31
2024,Hải Phòng,32.65,37
2024,Hải Phòng,32.7,33
2024,Hải Phòng,32.75,37
2024,Hải Phòng,32.8,28
2024,Hải Phòng,32.85,29
2024,Hải Phòng,32.9,40
2024,Hải Phòng,32.900000000000006,1
2024,Hải Phòng,32.95,37
2024,Hải Phòng,33.0,39
2024,Hải Phòng,33.05,45
2024,Hải Phòng,33.099999999999994,2
2024,Hải Phòng,33.1,36
2024,Hải Phòng,33.15,34
2024,Hải Phòng,33.2,32
2024,Hải Phòng,33.25,32
2024,Hải Phòng,33.3,31
2024,Hải Phòng,33.35,35
2024,Hải Phòng,33.4,37
2024,Hải Phòng,33.400000000000006,1
2024,Hải Phòng,33.45,45
2024,Hải Phòng,33.5,42
2024,Hải Phòng,33.55,33
2024,Hải Phòng,33.6,36
2024,Hải Phòng,33.65,37
2024,Hải Phòng,33.7,43
2024,Hải Phòng,33.75,25
2024,Hải Phòng,33.8,34
2024,Hải Phòng,33.85,37
2024,Hải Phòng,33.9,26
2024,Hải Phòng,33.900000000000006,1
2024,Hải Phòng,33.95,38
2024,Hải Phòng,34.0,43
2024,Hải Phòng,34.05,32
2024,Hải Phòng,34.099999999999994,1
2024,Hải Phòng,34.1,39
2024,Hải Phòng,34.15,42
2024,Hải Phòng,34.2,46
2024,Hải Phòng,34.25,51
2024,Hải Phòng,34.3,55
2024,Hải Phòng,34.35,48
2024,Hải Phòng,34.4,51
2024,Hải Phòng,34.45,37
2024,Hải Phòng,34.5,42
2024,Hải Phòng,34.55,36
2024,Hải Phòng,34.599999999999994,1
2024,Hải Phòng,34.6,48
2024,Hải Phòng,34.65,36
2024,Hải Phòng,34.650000000000006,1
2024,Hải Phòng,34.7,46
2024,Hải Phòng,34.75,47
2024,Hải Phòng,34.8,44
2024,Hải Phòng,34.85,46
2024,Hải Phòng,34.9,51
2024,Hải Phòng,34.95,50
2024,Hải Phòng,35.0,57
2024,Hải Phòng,35.05,60
2024,Hải Phòng,35.099999999999994,2
2024,Hải Phòng,35.1,49
2024,Hải Phòng,35.15,45
2024,Hải Phòng,35.150000000000006,4
2024,Hải Phòng,35.2,57
2024,Hải Phòng,35.25,55
2024,Hải Phòng,35.3,58
2024,Hải Phòng,35.349999999999994,2
2024,Hải Phòng,35.35,54
2024,Hải Phòng,35.4,60
2024,Hải Phòng,35.400000000000006,3
2024,Hải Phòng,35.45,60
2024,Hải Phòng,35.5,58
2024,Hải Phòng,35.55,62
2024,Hải Phòng,35.599999999999994,1
2024,Hải Phòng,35.6,51
2024,Hải Phòng,35.65,64
2024,Hải Phòng,35.650000000000006,2
2024,Hải Phòng,35.7,71
2024,Hải Phòng,35.75,56
2024,Hải Phòng,35.8,58
2024,Hải Phòng,35.849999999999994,3
2024,Hải Phòng,35.85,57
2024,Hải Phòng,35.9,49
2024,Hải Phòng,35.900000000000006,6
2024,Hải Phòng,35.95,62
2024,Hải Phòng,36.0,64
2024,Hải Phòng,36.05,67
2024,Hải Phòng,36.099999999999994,3
2024,Hải Phòng,36.1,49
2024,Hải Phòng,36.15,55
2024,Hải Phòng,36.150000000000006,3
2024,Hải Phòng,36.2,58
2024,Hải Phòng,36.25,61
2024,Hải Phòng,36.3,63
2024,Hải Phòng,36.349999999999994,2
2024,Hải Phòng,36.35,67
2024,Hải Phòng,36.4,67
2024,Hải Phòng,36.400000000000006,4
2024,Hải Phòng,36.45,85
2024,Hải Phòng,36.5,57
2024,Hải Phòng,36.55,60
2024,Hải Phòng,36.599999999999994,2
2024,Hải Phòng,36.6,64
2024,Hải Phòng,36.65,74
2024,Hải Phòng,36.650000000000006,4
2024,Hải Phòng,36.7,73
2024,Hải Phòng,36.75,64
2024,Hải Phòng,36.8,72
2024,Hải Phòng,36.849999999999994,2
2024,Hải Phòng,36.85,75
2024,Hải Phòng,36.9,59
2024,Hải Phòng,36.900000000000006,8
2024,Hải Phòng,36.95,72
2024,Hải Phòng,37.0,95
2024,Hải Phòng,37.05,81
2024,Hải Phòng,37.099999999999994,4
2024,Hải Phòng,37.1,74
2024,Hải Phòng,37.15,85
2024,Hải Phòng,37.150000000000006,6
2024,Hải Phòng,37.2,68
2024,Hải Phòng,37.25,71
2024,Hải Phòng,37.3,79
2024,Hải Phòng,37.349999999999994,2
2024,Hải Phòng,37.35,94
2024,Hải Phòng,37.4,68
2024,Hải Phòng,37.400000000000006,3
2024,Hải Phòng,37.45,85
2024,Hải Phòng,37.5,88
2024,Hải Phòng,37.55,75
2024,Hải Phòng,37.599999999999994,4
2024,Hải Phòng,37.6,70
2024,Hải Phòng,37.65,73
2024,Hải Phòng,37.650000000000006,4
2024,Hải Phòng,37.7,78
2024,Hải Phòng,37.75,77
2024,Hải Phòng,37.8,87
2024,Hải Phòng,37.849999999999994,4
2024,Hải Phòng,37.85,74
2024,Hải Phòng,37.9,98
2024,Hải Phòng,37.900000000000006,4
2024,Hải Phòng,37.95,79
2024,Hải Phòng,38.0,93
2024,Hải Phòng,38.05,102
2024,Hải Phòng,38.099999999999994,3
2024,Hải Phòng,38.1,79
2024,Hải Phòng,38.15,83
2024,Hải Phòng,38.150000000000006,7
2024,Hải Phòng,38.2,102
2024,Hải Phòng,38.25,64
2024,Hải Phòng,38.3,112
2024,Hải Phòng,38.349999999999994,8
2024,Hải Phòng,38.35,93
2024,Hải Phòng,38.4,86
2024,Hải Phòng,38.400000000000006,8
2024,Hải Phòng,38.45,111
2024,Hải Phòng,38.5,111
2024,Hải Phòng,38.55,97
2024,Hải Phòng,38.599999999999994,3
2024,Hải Phòng,38.6,85
2024,Hải Phòng,38.65,83
2024,Hải Phòng,38.650000000000006,9
2024,Hải Phòng,38.7,84
2024,Hải Phòng,38.75,73
2024,Hải Phòng,38.8,110
2024,Hải Phòng,38.849999999999994,9
2024,Hải Phòng,38.85,92
2024,Hải Phòng,38.9,92
2024,Hải Phòng,38.900000000000006,5
2024,Hải Phòng,38.95,104
2024,Hải Phòng,39.0,107
2024,Hải Phòng,39.05,94
2024,Hải Phòng,39.099999999999994,5
2024,Hải Phòng,39.1,101
2024,Hải Phòng,39.15,102
2024,Hải Phòng,39.150000000000006,12
2024,Hải Phòng,39.2,98
2024,Hải Phòng,39.25,106
2024,Hải Phòng,39.3,98
2024,Hải Phòng,39.349999999999994,4
2024,Hải Phòng,39.35,98
2024,Hải Phòng,39.4,103
2024,Hải Phòng,39.400000000000006,6
2024,Hải Phòng,39.45,121
2024,Hải Phòng,39.5,106
2024,Hải Phòng,39.55,111
2024,Hải Phòng,39.599999999999994,8
2024,Hải Phòng,39.6,92
2024,Hải Phòng,39.65,116
2024,Hải Phòng,39.650000000000006,8
2024,Hải Phòng,39.7,95
2024,Hải Phòng,39.75,113
2024,Hải Phòng,39.8,113
2024,Hải Phòng,39.849999999999994,9
2024,Hải Phòng,39.85,119
2024,Hải Phòng,39.9,98
2024,Hải Phòng,39.900000000000006,12
2024,Hải Phòng,39.95,126
2024,Hải Phòng,40.0,113
2024,Hải Phòng,40.05,112
2024,Hải Phòng,40.099999999999994,4
2024,Hải Phòng,40.1,113
2024,Hải Phòng,40.15,124
2024,Hải Phòng,40.150000000000006,5
2024,Hải Phòng,40.2,128
2024,Hải Phòng,40.25,135
2024,Hải Phòng,40.3,126
2024,Hải Phòng,40.349999999999994,7
2024,Hải Phòng,40.35,109
2024,Hải Phòng,40.4,108
2024,Hải Phòng,40.400000000000006,9
2024,Hải Phòng,40.45,126
2024,Hải Phòng,40.5,133
2024,Hải Phòng,40.55,125
2024,Hải Phòng,40.599999999999994,9
2024,Hải Phòng,40.6,110
2024,Hải Phòng,40.65,119
2024,Hải Phòng,40.650000000000006,8
2024,Hải Phòng,40.7,120
2024,Hải Phòng,40.75,105
2024,Hải Phòng,40.8,122
2024,Hải Phòng,40.849999999999994,5
2024,Hải Phòng,40.85,125
2024,Hải Phòng,40.9,121
2024,Hải Phòng,40.900000000000006,7
2024,Hải Phòng,40.95,126
2024,Hải Phòng,41.0,135
2024,Hải Phòng,41.05,151
2024,Hải Phòng,41.099999999999994,16
2024,Hải Phòng,41.1,151
2024,Hải Phòng,41.15,112
2024,Hải Phòng,41.150000000000006,11
2024,Hải Phòng,41.2,134
2024,Hải Phòng,41.25,117
2024,Hải Phòng,41.3,149
2024,Hải Phòng,41.349999999999994,9
2024,Hải Phòng,41.35,115
2024,Hải Phòng,41.4,104
2024,Hải Phòng,41.400000000000006,8
2024,Hải Phòng,41.45,118
2024,Hải Phòng,41.5,130
2024,Hải Phòng,41.55,137
2024,Hải Phòng,41.599999999999994,14
2024,Hải Phòng,41.6,136
2024,Hải Phòng,41.65,114
2024,Hải Phòng,41.650000000000006,10
2024,Hải Phòng,41.7,124
2024,Hải Phòng,41.75,146
2024,Hải Phòng,41.8,137
2024,Hải Phòng,41.849999999999994,7
2024,Hải Phòng,41.85,121
2024,Hải Phòng,41.9,107
2024,Hải Phòng,41.900000000000006,10
2024,Hải Phòng,41.95,144
2024,Hải Phòng,42.0,107
2024,Hải Phòng,42.05,137
2024,Hải Phòng,42.099999999999994,11
2024,Hải Phòng,42.1,144
2024,Hải Phòng,42.15,133
2024,Hải Phòng,42.150000000000006,10
2024,Hải Phòng,42.2,133
2024,Hải Phòng,42.25,110
2024,Hải Phòng,42.3,127
2024,Hải Phòng,42.349999999999994,9
2024,Hải Phòng,42.35,114
2024,Hải Phòng,42.4,143
2024,Hải Phòng,42.400000000000006,12
2024,Hải Phòng,42.45,132
2024,Hải Phòng,42.5,147
2024,Hải Phòng,42.55,141
2024,Hải Phòng,42.599999999999994,15
2024,Hải Phòng,42.6,151
2024,Hải Phòng,42.65,126
2024,Hải Phòng,42.650000000000006,10
2024,Hải Phòng,42.7,148
2024,Hải Phòng,42.75,152
2024,Hải Phòng,42.8,148
2024,Hải Phòng,42.849999999999994,18
2024,Hải Phòng,42.85,146
2024,Hải Phòng,42.9,152
2024,Hải Phòng,42.900000000000006,16
2024,Hải Phòng,42.95,169
2024,Hải Phòng,43.0,148
2024,Hải Phòng,43.05,137
2024,Hải Phòng,43.099999999999994,10
2024,Hải Phòng,43.1,127
2024,Hải Phòng,43.15,101
2024,Hải Phòng,43.150000000000006,14
2024,Hải Phòng,43.2,170
2024,Hải Phòng,43.25,138
2024,Hải Phòng,43.3,126
2024,Hải Phòng,43.349999999999994,9
2024,Hải Phòng,43.35,154
2024,Hải Phòng,43.4,141
2024,Hải Phòng,43.400000000000006,15
2024,Hải Phòng,43.45,135
2024,Hải Phòng,43.5,126
2024,Hải Phòng,43.55,143
2024,Hải Phòng,43.599999999999994,11
2024,Hải Phòng,43.6,147
2024,Hải Phòng,43.65,132
2024,Hải Phòng,43.650000000000006,16
2024,Hải Phòng,43.7,148
2024,Hải Phòng,43.75,147
2024,Hải Phòng,43.8,147
2024,Hải Phòng,43.849999999999994,16
2024,Hải Phòng,43.85,124
2024,Hải Phòng,43.9,128
2024,Hải Phòng,43.900000000000006,24
2024,Hải Phòng,43.95,141
2024,Hải Phòng,44.0,113
2024,Hải Phòng,44.05,131
2024,Hải Phòng,44.099999999999994,18
2024,Hải Phòng,44.1,152
2024,Hải Phòng,44.15,126
2024,Hải Phòng,44.150000000000006,14
2024,Hải Phòng,44.2,158
2024,Hải Phòng,44.25,137
2024,Hải Phòng,44.3,144
2024,Hải Phòng,44.349999999999994,8
2024,Hải Phòng,44.35,121
2024,Hải Phòng,44.4,132
2024,Hải Phòng,44.400000000000006,12
2024,Hải Phòng,44.45,133
2024,Hải Phòng,44.5,129
2024,Hải Phòng,44.55,149
2024,Hải Phòng,44.599999999999994,15
2024,Hải Phòng,44.6,133
2024,Hải Phòng,44.65,125
2024,Hải Phòng,44.650000000000006,31
2024,Hải Phòng,44.7,164
2024,Hải Phòng,44.75,148
2024,Hải Phòng,44.8,134
2024,Hải Phòng,44.849999999999994,14
2024,Hải Phòng,44.85,136
2024,Hải Phòng,44.9,113
2024,Hải Phòng,44.900000000000006,9
2024,Hải Phòng,44.95,140
2024,Hải Phòng,45.0,150
2024,Hải Phòng,45.05,122
2024,Hải Phòng,45.099999999999994,14
2024,Hải Phòng,45.1,127
2024,Hải Phòng,45.15,127
2024,Hải Phòng,45.150000000000006,8
2024,Hải Phòng,45.2,123
2024,Hải Phòng,45.25,134
2024,Hải Phòng,45.3,134
2024,Hải Phòng,45.349999999999994,25
2024,Hải Phòng,45.35,133
2024,Hải Phòng,45.4,123
2024,Hải Phòng,45.400000000000006,18
2024,Hải Phòng,45.45,152
2024,Hải Phòng,45.5,156
2024,Hải Phòng,45.55,146
2024,Hải Phòng,45.599999999999994,17
2024,Hải Phòng,45.6,124
2024,Hải Phòng,45.65,128
2024,Hải Phòng,45.650000000000006,16
2024,Hải Phòng,45.7,131
2024,Hải Phòng,45.75,125
2024,Hải Phòng,45.8,146
2024,Hải Phòng,45.849999999999994,21
2024,Hải Phòng,45.85,134
2024,Hải Phòng,45.9,120
2024,Hải Phòng,45.900000000000006,20
2024,Hải Phòng,45.95,126
2024,Hải Phòng,46.0,129
2024,Hải Phòng,46.05,132
2024,Hải Phòng,46.099999999999994,24
2024,Hải Phòng,46.1,131
2024,Hải Phòng,46.15,103
2024,Hải Phòng,46.150000000000006,7
2024,Hải Phòng,46.2,122
2024,Hải Phòng,46.25,146
2024,Hải Phòng,46.3,122
2024,Hải Phòng,46.349999999999994,16
2024,Hải Phòng,46.35,118
2024,Hải Phòng,46.4,104
2024,Hải Phòng,46.400000000000006,15
2024,Hải Phòng,46.45,136
2024,Hải Phòng,46.5,125
2024,Hải Phòng,46.55,126
2024,Hải Phòng,46.599999999999994,10
2024,Hải Phòng,46.6,109
2024,Hải Phòng,46.65,110
2024,Hải Phòng,46.650000000000006,20
2024,Hải Phòng,46.7,122
2024,Hải Phòng,46.75,142
2024,Hải Phòng,46.8,126
2024,Hải Phòng,46.849999999999994,20
2024,Hải Phòng,46.85,91
2024,Hải Phòng,46.9,91
2024,Hải Phòng,46.900000000000006,10
2024,Hải Phòng,46.95,118
2024,Hải Phòng,47.0,153
2024,Hải Phòng,47.05,119
2024,Hải Phòng,47.099999999999994,16
2024,Hải Phòng,47.1,86
2024,Hải Phòng,47.15,106
2024,Hải Phòng,47.150000000000006,28
2024,Hải Phòng,47.2,110
2024,Hải Phòng,47.25,113
2024,Hải Phòng,47.3,104
2024,Hải Phòng,47.349999999999994,11
2024,Hải Phòng,47.35,106
2024,Hải Phòng,47.4,104
2024,Hải Phòng,47.400000000000006,24
2024,Hải Phòng,47.45,124
2024,Hải Phòng,47.5,108
2024,Hải Phòng,47.55,122
2024,Hải Phòng,47.599999999999994,13
2024,Hải Phòng,47.6,116
2024,Hải Phòng,47.65,97
2024,Hải Phòng,47.650000000000006,14
2024,Hải Phòng,47.7,116
2024,Hải Phòng,47.75,116
2024,Hải Phòng,47.8,126
2024,Hải Phòng,47.849999999999994,13
2024,Hải Phòng,47.85,106
2024,Hải Phòng,47.9,99
2024,Hải Phòng,47.900000000000006,17
2024,Hải Phòng,47.95,98
2024,Hải Phòng,48.0,106
2024,Hải Phòng,48.05,111
2024,Hải Phòng,48.099999999999994,12
2024,Hải Phòng,48.1,95
2024,Hải Phòng,48.15,103
2024,Hải Phòng,48.150000000000006,20
2024,Hải Phòng,48.2,97
2024,Hải Phòng,48.25,100
2024,Hải Phòng,48.3,126
2024,Hải Phòng,48.349999999999994,11
2024,Hải Phòng,48.35,89
2024,Hải Phòng,48.4,89
2024,Hải Phòng,48.400000000000006,20
2024,Hải Phòng,48.45,115
2024,Hải Phòng,48.5,109
2024,Hải Phòng,48.55,96
2024,Hải Phòng,48.599999999999994,20
2024,Hải Phòng,48.6,79
2024,Hải Phòng,48.65,86
2024,Hải Phòng,48.650000000000006,23
2024,Hải Phòng,48.7,88
2024,Hải Phòng,48.75,109
2024,Hải Phòng,48.8,110
2024,Hải Phòng,48.849999999999994,17
2024,Hải Phòng,48.85,82
2024,Hải Phòng,48.9,72
2024,Hải Phòng,48.900000000000006,19
2024,Hải Phòng,48.95,101
2024,Hải Phòng,49.0,95
2024,Hải Phòng,49.05,113
2024,Hải Phòng,49.099999999999994,18
2024,Hải Phòng,49.1,71
2024,Hải Phòng,49.15,69
2024,Hải Phòng,49.150000000000006,20
2024,Hải Phòng,49.2,91
2024,Hải Phòng,49.25,100
2024,Hải Phòng,49.3,78
2024,Hải Phòng,49.349999999999994,16
2024,Hải Phòng,49.35,83
2024,Hải Phòng,49.4,73
2024,Hải Phòng,49.400000000000006,16
2024,Hải Phòng,49.45,84
2024,Hải Phòng,49.5,80
2024,Hải Phòng,49.55,85
2024,Hải Phòng,49.599999999999994,9
2024,Hải Phòng,49.6,60
2024,Hải Phòng,49.65,68
2024,Hải Phòng,49.650000000000006,24
2024,Hải Phòng,49.7,92
2024,Hải Phòng,49.75,89
2024,Hải Phòng,49.8,83
2024,Hải Phòng,49.849999999999994,12
2024,Hải Phòng,49.85,74
2024,Hải Phòng,49.9,67
2024,Hải Phòng,49.900000000000006,25
2024,Hải Phòng,49.95,103
2024,Hải Phòng,50.0,75
2024,Hải Phòng,50.05,72
2024,Hải Phòng,50.099999999999994,11
2024,Hải Phòng,50.1,72
2024,Hải Phòng,50.15,59
2024,Hải Phòng,50.150000000000006,7
2024,Hải Phòng,50.2,67
2024,Hải Phòng,50.25,85
2024,Hải Phòng,50.3,76
2024,Hải Phòng,50.349999999999994,15
2024,Hải Phòng,50.35,60
2024,Hải Phòng,50.4,72
2024,Hải Phòng,50.400000000000006,22
2024,Hải Phòng,50.45,61
2024,Hải Phòng,50.5,80
2024,Hải Phòng,50.55,84
2024,Hải Phòng,50.599999999999994,11
2024,Hải Phòng,50.6,53
2024,Hải Phòng,50.65,54
2024,Hải Phòng,50.650000000000006,14
2024,Hải Phòng,50.7,59
2024,Hải Phòng,50.75,77
2024,Hải Phòng,50.8,78
2024,Hải Phòng,50.849999999999994,8
2024,Hải Phòng,50.85,53
2024,Hải Phòng,50.9,53
2024,Hải Phòng,50.900000000000006,9
2024,Hải Phòng,50.95,58
2024,Hải Phòng,51.0,67
2024,Hải Phòng,51.05,73
2024,Hải Phòng,51.099999999999994,8
2024,Hải Phòng,51.1,45
2024,Hải Phòng,51.15,58
2024,Hải Phòng,51.150000000000006,15
2024,Hải Phòng,51.2,61
2024,Hải Phòng,51.25,46
2024,Hải Phòng,51.3,54
2024,Hải Phòng,51.349999999999994,14
2024,Hải Phòng,51.35,39
2024,Hải Phòng,51.4,49
2024,Hải Phòng,51.400000000000006,12
2024,Hải Phòng,51.45,78
2024,Hải Phòng,51.5,58
2024,Hải Phòng,51.55,51
2024,Hải Phòng,51.599999999999994,11
2024,Hải Phòng,51.6,47
2024,Hải Phòng,51.65,42
2024,Hải Phòng,51.650000000000006,10
2024,Hải Phòng,51.7,50
2024,Hải Phòng,51.75,52
2024,Hải Phòng,51.8,50
2024,Hải Phòng,51.849999999999994,12
2024,Hải Phòng,51.85,31
2024,Hải Phòng,51.9,39
2024,Hải Phòng,51.900000000000006,9
2024,Hải Phòng,51.95,31
2024,Hải Phòng,52.0,56
2024,Hải Phòng,52.05,44
2024,Hải Phòng,52.099999999999994,8
2024,Hải Phòng,52.1,39
2024,Hải Phòng,52.15,35
2024,Hải Phòng,52.150000000000006,9
2024,Hải Phòng,52.2,41
2024,Hải Phòng,52.25,35
2024,Hải Phòng,52.3,39
2024,Hải Phòng,52.349999999999994,11
2024,Hải Phòng,52.35,27
2024,Hải Phòng,52.4,19
2024,Hải Phòng,52.400000000000006,9
2024,Hải Phòng,52.45,55
2024,Hải Phòng,52.5,53
2024,Hải Phòng,52.55,30
2024,Hải Phòng,52.599999999999994,6
2024,Hải Phòng,52.6,35
2024,Hải Phòng,52.65,24
2024,Hải Phòng,52.650000000000006,6
2024,Hải Phòng,52.7,37
2024,Hải Phòng,52.75,40
2024,Hải Phòng,52.8,33
2024,Hải Phòng,52.849999999999994,8
2024,Hải Phòng,52.85,23
2024,Hải Phòng,52.9,30
2024,Hải Phòng,52.900000000000006,7
2024,Hải Phòng,52.95,33
2024,Hải Phòng,53.0,39
2024,Hải Phòng,53.05,35
2024,Hải Phòng,53.099999999999994,2
2024,Hải Phòng,53.1,25
2024,Hải Phòng,53.15,21
2024,Hải Phòng,53.150000000000006,5
2024,Hải Phòng,53.2,24
2024,Hải Phòng,53.25,22
2024,Hải Phòng,53.3,27
2024,Hải Phòng,53.349999999999994,8
2024,Hải Phòng,53.35,24
2024,Hải Phòng,53.4,14
2024,Hải Phòng,53.400000000000006,5
2024,Hải Phòng,53.45,22
2024,Hải Phòng,53.5,19
2024,Hải Phòng,53.55,25
2024,Hải Phòng,53.599999999999994,3
2024,Hải Phòng,53.6,19
2024,Hải Phòng,53.65,19
2024,Hải Phòng,53.650000000000006,6
2024,Hải Phòng,53.7,24
2024,Hải Phòng,53.75,26
2024,Hải Phòng,53.8,18
2024,Hải Phòng,53.849999999999994,1
2024,Hải Phòng,53.85,13
2024,Hải Phòng,53.9,16
2024,Hải Phòng,53.900000000000006,8
2024,Hải Phòng,53.95,28
2024,Hải Phòng,54.0,16
2024,Hải Phòng,54.05,23
2024,Hải Phòng,54.099999999999994,2
2024,Hải Phòng,54.1,11
2024,Hải Phòng,54.15,15
2024,Hải Phòng,54.150000000000006,2
2024,Hải Phòng,54.2,25
2024,Hải Phòng,54.25,13
2024,Hải Phòng,54.3,16
2024,Hải Phòng,54.349999999999994,3
2024,Hải Phòng,54.35,9
2024,Hải Phòng,54.4,10
2024,Hải Phòng,54.400000000000006,1
2024,Hải Phòng,54.45,17
2024,Hải Phòng,54.5,14
2024,Hải Phòng,54.55,12
2024,Hải Phòng,54.599999999999994,4
2024,Hải Phòng,54.6,7
2024,Hải Phòng,54.65,8
2024,Hải Phòng,54.650000000000006,2
2024,Hải Phòng,54.7,10
2024,Hải Phòng,54.75,11
2024,Hải Phòng,54.8,14
2024,Hải Phòng,54.85,7
2024,Hải Phòng,54.9,9
2024,Hải Phòng,54.900000000000006,2
2024,Hải Phòng,54.95,9
2024,Hải Phòng,55.0,6
2024,Hải Phòng,55.05,9
2024,Hải Phòng,55.1,4
2024,Hải Phòng,55.15,4
2024,Hải Phòng,55.150000000000006,2
2024,Hải Phòng,55.2,8
2024,Hải Phòng,55.25,5
2024,Hải Phòng,55.3,5
2024,Hải Phòng,55.349999999999994,2
2024,Hải Phòng,55.35,2
2024,Hải Phòng,55.4,7
2024,Hải Phòng,55.400000000000006,2
2024,Hải Phòng,55.45,4
2024,Hải Phòng,55.5,3
2024,Hải Phòng,55.55,3
2024,Hải Phòng,55.6,3
2024,Hải Phòng,55.65,2
2024,Hải Phòng,55.650000000000006,3
2024,Hải Phòng,55.7,2
2024,Hải Phòng,55.75,2
2024,Hải Phòng,55.8,3
2024,Hải Phòng,55.95,4
2024,Hải Phòng,56.0,1
2024,Hải Phòng,56.1,1
2024,Hải Phòng,56.15,2
2024,Hải Phòng,56.2,1
2024,Hải Phòng,56.25,1
2024,Hải Phòng,56.3,3
2024,Hải Phòng,56.35,1
2024,Hải Phòng,56.4,1
2024,Hải Phòng,56.45,1
2024,Hải Phòng,56.5,1
2024,Hải Phòng,56.55,2
2024,Hải Phòng,56.6,1
2024,Hải Phòng,56.65,2
2024,Hải Phòng,56.7,1
2024,Hải Phòng,56.8,1
2024,Hải Phòng,56.900000000000006,1
2024,Hải Phòng,57.45,1
2025,Hải Phòng,1.25,1
2025,Hải Phòng,3.0,1
2025,Hải Phòng,3.25,1
2025,Hải Phòng,3.4,1
2025,Hải Phòng,3.5,1
2025,Hải Phòng,4.5,1
2025,Hải Phòng,5.0,2
2025,Hải Phòng,5.1,1
2025,Hải Phòng,5.4,1
2025,Hải Phòng,5.5,1
2025,Hải Phòng,5.75,1
2025,Hải Phòng,6.0,1
2025,Hải Phòng,6.1,1
2025,Hải Phòng,6.5,1
2025,Hải Phòng,6.6,1
2025,Hải Phòng,6.75,1
2025,Hải Phòng,6.85,2
2025,Hải Phòng,6.9,1
2025,Hải Phòng,7.15,1
2025,Hải Phòng,7.25,2
2025,Hải Phòng,7.3500000000000005,1
2025,Hải Phòng,7.5,4
2025,Hải Phòng,7.699999999999999,1
2025,Hải Phòng,7.7,2
2025,Hải Phòng,7.8,1
2025,Hải Phòng,7.949999999999999,1
2025,Hải Phòng,8.0,3
2025,Hải Phòng,8.05,2
2025,Hải Phòng,8.2,2
2025,Hải Phòng,8.25,1
2025,Hải Phòng,8.3,1
2025,Hải Phòng,8.4,3
2025,Hải Phòng,8.45,1
2025,Hải Phòng,8.5,1
2025,Hải Phòng,8.55,1
2025,Hải Phòng,8.6,3
2025,Hải Phòng,8.7,1
2025,Hải Phòng,8.75,2
2025,Hải Phòng,8.8,1
2025,Hải Phòng,9.0,3
2025,Hải Phòng,9.05,1
2025,Hải Phòng,9.1,1
2025,Hải Phòng,9.15,1
2025,Hải Phòng,9.2,1
2025,Hải Phòng,9.25,1
2025,Hải Phòng,9.3,1
2025,Hải Phòng,9.350000000000001,1
2025,Hải Phòng,9.399999999999999,1
2025,Hải Phòng,9.4,2
2025,Hải Phòng,9.45,1
2025,Hải Phòng,9.5,1
2025,Hải Phòng,9.55,2
2025,Hải Phòng,9.6,4
2025,Hải Phòng,9.65,1
2025,Hải Phòng,9.7,4
2025,Hải Phòng,9.8,1
2025,Hải Phòng,9.85,4
2025,Hải Phòng,9.899999999999999,1
2025,Hải Phòng,9.9,4
2025,Hải Phòng,9.95,7
2025,Hải Phòng,10.0,3
2025,Hải Phòng,10.049999999999999,1
2025,Hải Phòng,10.05,5
2025,Hải Phòng,10.100000000000001,1
2025,Hải Phòng,10.15,1
2025,Hải Phòng,10.2,7
2025,Hải Phòng,10.25,1
2025,Hải Phòng,10.299999999999999,1
2025,Hải Phòng,10.3,5
2025,Hải Phòng,10.350000000000001,2
2025,Hải Phòng,10.399999999999999,1
2025,Hải Phòng,10.4,4
2025,Hải Phòng,10.45,5
2025,Hải Phòng,10.5,3
2025,Hải Phòng,10.549999999999999,1
2025,Hải Phòng,10.55,5
2025,Hải Phòng,10.6,1
2025,Hải Phòng,10.649999999999999,1
2025,Hải Phòng,10.65,1
2025,Hải Phòng,10.7,7
2025,Hải Phòng,10.75,4
2025,Hải Phòng,10.799999999999999,1
2025,Hải Phòng,10.8,6
2025,Hải Phòng,10.85,4
2025,Hải Phòng,10.850000000000001,1
2025,Hải Phòng,10.9,2
2025,Hải Phòng,10.95,8
2025,Hải Phòng,11.0,3
2025,Hải Phòng,11.049999999999999,1
2025,Hải Phòng,11.05,4
2025,Hải Phòng,11.1,3
2025,Hải Phòng,11.149999999999999,1
2025,Hải Phòng,11.15,3
2025,Hải Phòng,11.2,4
2025,Hải Phòng,11.25,6
2025,Hải Phòng,11.3,5
2025,Hải Phòng,11.35,3
2025,Hải Phòng,11.399999999999999,2
2025,Hải Phòng,11.4,4
2025,Hải Phòng,11.45,16
2025,Hải Phòng,11.5,3
2025,Hải Phòng,11.549999999999999,2
2025,Hải Phòng,11.55,4
2025,Hải Phòng,11.6,4
2025,Hải Phòng,11.600000000000001,1
2025,Hải Phòng,11.65,3
2025,Hải Phòng,11.7,9
2025,Hải Phòng,11.75,3
2025,Hải Phòng,11.799999999999999,1
2025,Hải Phòng,11.8,9
2025,Hải Phòng,11.85,3
2025,Hải Phòng,11.899999999999999,2
2025,Hải Phòng,11.9,2
2025,Hải Phòng,11.95,18
2025,Hải Phòng,12.0,4
2025,Hải Phòng,12.049999999999999,3
2025,Hải Phòng,12.05,15
2025,Hải Phòng,12.1,7
2025,Hải Phòng,12.100000000000001,1
2025,Hải Phòng,12.15,2
2025,Hải Phòng,12.2,15
2025,Hải Phòng,12.25,5
2025,Hải Phòng,12.299999999999999,1
2025,Hải Phòng,12.3,9
2025,Hải Phòng,12.35,8
2025,Hải Phòng,12.399999999999999,5
2025,Hải Phòng,12.4,5
2025,Hải Phòng,12.45,10
2025,Hải Phòng,12.5,7
2025,Hải Phòng,12.549999999999999,2
2025,Hải Phòng,12.55,13
2025,Hải Phòng,12.6,13
2025,Hải Phòng,12.600000000000001,1
2025,Hải Phòng,12.649999999999999,3
2025,Hải Phòng,12.65,2
2025,Hải Phòng,12.7,21
2025,Hải Phòng,12.75,4
2025,Hải Phòng,12.799999999999999,2
2025,Hải Phòng,12.8,9
2025,Hải Phòng,12.85,13
2025,Hải Phòng,12.899999999999999,3
2025,Hải Phòng,12.9,7
2025,Hải Phòng,12.95,12
2025,Hải Phòng,13.0,10
2025,Hải Phòng,13.049999999999999,2
2025,Hải Phòng,13.05,8
2025,Hải Phòng,13.1,12
2025,Hải Phòng,13.100000000000001,1
2025,Hải Phòng,13.149999999999999,3
2025,Hải Phòng,13.15,4
2025,Hải Phòng,13.2,25
2025,Hải Phòng,13.25,15
2025,Hải Phòng,13.299999999999999,6
2025,Hải Phòng,13.3,13
2025,Hải Phòng,13.35,18
2025,Hải Phòng,13.399999999999999,3
2025,Hải Phòng,13.4,4
2025,Hải Phòng,13.45,28
2025,Hải Phòng,13.5,10
2025,Hải Phòng,13.549999999999999,2
2025,Hải Phòng,13.55,18
2025,Hải Phòng,13.6,24
2025,Hải Phòng,13.649999999999999,2
2025,Hải Phòng,13.65,6
2025,Hải Phòng,13.7,20
2025,Hải Phòng,13.75,14
2025,Hải Phòng,13.799999999999999,9
2025,Hải Phòng,13.8,18
2025,Hải Phòng,13.85,23
2025,Hải Phòng,13.899999999999999,4
2025,Hải Phòng,13.9,3
2025,Hải Phòng,13.95,25
2025,Hải Phòng,14.0,7
2025,Hải Phòng,14.049999999999999,9
2025,Hải Phòng,14.05,25
2025,Hải Phòng,14.1,25
2025,Hải Phòng,14.149999999999999,6
2025,Hải Phòng,14.15,9
2025,Hải Phòng,14.2,21
2025,Hải Phòng,14.25,11
2025,Hải Phòng,14.299999999999999,8
2025,Hải Phòng,14.3,17
2025,Hải Phòng,14.35,19
2025,Hải Phòng,14.350000000000001,1
2025,Hải Phòng,14.399999999999999,9
2025,Hải Phòng,14.4,10
2025,Hải Phòng,14.45,39
2025,Hải Phòng,14.5,15
2025,Hải Phòng,14.549999999999999,9
2025,Hải Phòng,14.55,18
2025,Hải Phòng,14.6,30
2025,Hải Phòng,14.649999999999999,7
2025,Hải Phòng,14.65,9
2025,Hải Phòng,14.7,35
2025,Hải Phòng,14.75,15
2025,Hải Phòng,14.799999999999999,7
2025,Hải Phòng,14.8,22
2025,Hải Phòng,14.85,27
2025,Hải Phòng,14.850000000000001,1
2025,Hải Phòng,14.899999999999999,8
2025,Hải Phòng,14.9,8
2025,Hải Phòng,14.95,40
2025,Hải Phòng,15.0,21
2025,Hải Phòng,15.049999999999999,13
2025,Hải Phòng,15.05,13
2025,Hải Phòng,15.1,29
2025,Hải Phòng,15.100000000000001,1
2025,Hải Phòng,15.149999999999999,6
2025,Hải Phòng,15.15,9
2025,Hải Phòng,15.2,49
2025,Hải Phòng,15.25,19
2025,Hải Phòng,15.299999999999999,11
2025,Hải Phòng,15.3,16
2025,Hải Phòng,15.35,41
2025,Hải Phòng,15.350000000000001,1
2025,Hải Phòng,15.399999999999999,9
2025,Hải Phòng,15.4,8
2025,Hải Phòng,15.45,44
2025,Hải Phòng,15.5,25
2025,Hải Phòng,15.549999999999999,12
2025,Hải Phòng,15.55,14
2025,Hải Phòng,15.6,45
2025,Hải Phòng,15.649999999999999,11
2025,Hải Phòng,15.65,4
2025,Hải Phòng,15.7,55
2025,Hải Phòng,15.75,21
2025,Hải Phòng,15.799999999999999,12
2025,Hải Phòng,15.8,20
2025,Hải Phòng,15.85,37
2025,Hải Phòng,15.899999999999999,4
2025,Hải Phòng,15.9,10
2025,Hải Phòng,15.95,59
2025,Hải Phòng,16.0,25
2025,Hải Phòng,16.049999999999997,16
2025,Hải Phòng,16.05,21
2025,Hải Phòng,16.1,49
2025,Hải Phòng,16.15,23
2025,Hải Phòng,16.2,58
2025,Hải Phòng,16.25,32
2025,Hải Phòng,16.299999999999997,16
2025,Hải Phòng,16.3,22
2025,Hải Phòng,16.35,54
2025,Hải Phòng,16.4,16
2025,Hải Phòng,16.45,48
2025,Hải Phòng,16.5,39
2025,Hải Phòng,16.549999999999997,21
2025,Hải Phòng,16.55,21
2025,Hải Phòng,16.599999999999998,1
2025,Hải Phòng,16.6,47
2025,Hải Phòng,16.65,21
2025,Hải Phòng,16.7,74
2025,Hải Phòng,16.75,37
2025,Hải Phòng,16.799999999999997,21
2025,Hải Phòng,16.8,25
2025,Hải Phòng,16.85,78
2025,Hải Phòng,16.9,19
2025,Hải Phòng,16.95,69
2025,Hải Phòng,17.0,44
2025,Hải Phòng,17.049999999999997,22
2025,Hải Phòng,17.05,21
2025,Hải Phòng,17.1,74
2025,Hải Phòng,17.15,19
2025,Hải Phòng,17.2,86
2025,Hải Phòng,17.25,51
2025,Hải Phòng,17.299999999999997,30
2025,Hải Phòng,17.3,28
2025,Hải Phòng,17.35,81
2025,Hải Phòng,17.4,23
2025,Hải Phòng,17.45,90
2025,Hải Phòng,17.5,37
2025,Hải Phòng,17.549999999999997,32
2025,Hải Phòng,17.55,29
2025,Hải Phòng,17.6,80
2025,Hải Phòng,17.65,14
2025,Hải Phòng,17.7,86
2025,Hải Phòng,17.75,53
2025,Hải Phòng,17.799999999999997,29
2025,Hải Phòng,17.8,33
2025,Hải Phòng,17.85,91
2025,Hải Phòng,17.9,20
2025,Hải Phòng,17.900000000000002,1
2025,Hải Phòng,17.95,75
2025,Hải Phòng,18.0,64
2025,Hải Phòng,18.049999999999997,37
2025,Hải Phòng,18.05,13
2025,Hải Phòng,18.1,119
2025,Hải Phòng,18.15,18
2025,Hải Phòng,18.2,82
2025,Hải Phòng,18.25,68
2025,Hải Phòng,18.299999999999997,25
2025,Hải Phòng,18.3,29
2025,Hải Phòng,18.35,113
2025,Hải Phòng,18.4,17
2025,Hải Phòng,18.45,95
2025,Hải Phòng,18.450000000000003,1
2025,Hải Phòng,18.5,74
2025,Hải Phòng,18.549999999999997,26
2025,Hải Phòng,18.55,22
2025,Hải Phòng,18.6,144
2025,Hải Phòng,18.65,15
2025,Hải Phòng,18.650000000000002,1
2025,Hải Phòng,18.7,118
2025,Hải Phòng,18.700000000000003,1
2025,Hải Phòng,18.75,79
2025,Hải Phòng,18.799999999999997,40
2025,Hải Phòng,18.8,22
2025,Hải Phòng,18.849999999999998,1
2025,Hải Phòng,18.85,115
2025,Hải Phòng,18.9,7
2025,Hải Phòng,18.95,113
2025,Hải Phòng,18.950000000000003,2
2025,Hải Phòng,19.0,86
2025,Hải Phòng,19.049999999999997,35
2025,Hải Phòng,19.05,25
2025,Hải Phòng,19.1,131
2025,Hải Phòng,19.15,18
2025,Hải Phòng,19.2,114
2025,Hải Phòng,19.200000000000003,1
2025,Hải Phòng,19.25,113
2025,Hải Phòng,19.299999999999997,24
2025,Hải Phòng,19.3,21
2025,Hải Phòng,19.35,161
2025,Hải Phòng,19.4,5
2025,Hải Phòng,19.45,104
2025,Hải Phòng,19.450000000000003,7
2025,Hải Phòng,19.5,107
2025,Hải Phòng,19.549999999999997,30
2025,Hải Phòng,19.55,27
2025,Hải Phòng,19.6,160
2025,Hải Phòng,19.65,20
2025,Hải Phòng,19.7,116
2025,Hải Phòng,19.700000000000003,5
2025,Hải Phòng,19.75,119
2025,Hải Phòng,19.799999999999997,37
2025,Hải Phòng,19.8,14
2025,Hải Phòng,19.85,163
2025,Hải Phòng,19.9,13
2025,Hải Phòng,19.95,133
2025,Hải Phòng,19.950000000000003,2
2025,Hải Phòng,20.0,136
2025,Hải Phòng,20.049999999999997,33
2025,Hải Phòng,20.05,30
2025,Hải Phòng,20.1,174
2025,Hải Phòng,20.15,24
2025,Hải Phòng,20.150000000000002,1
2025,Hải Phòng,20.2,149
2025,Hải Phòng,20.200000000000003,7
2025,Hải Phòng,20.25,131
2025,Hải Phòng,20.299999999999997,37
2025,Hải Phòng,20.3,19
2025,Hải Phòng,20.35,215
2025,Hải Phòng,20.4,24
2025,Hải Phòng,20.45,135
2025,Hải Phòng,20.450000000000003,13
2025,Hải Phòng,20.5,151
2025,Hải Phòng,20.549999999999997,37
2025,Hải Phòng,20.55,25
2025,Hải Phòng,20.6,225
2025,Hải Phòng,20.65,13
2025,Hải Phòng,20.7,146
2025,Hải Phòng,20.700000000000003,8
2025,Hải Phòng,20.75,197
2025,Hải Phòng,20.799999999999997,40
2025,Hải Phòng,20.8,31
2025,Hải Phòng,20.85,224
2025,Hải Phòng,20.9,14
2025,Hải Phòng,20.95,132
2025,Hải Phòng,20.950000000000003,12
2025,Hải Phòng,21.0,198
2025,Hải Phòng,21.049999999999997,33
2025,Hải Phòng,21.05,26
2025,Hải Phòng,21.1,262
2025,Hải Phòng,21.15,14
2025,Hải Phòng,21.2,159
2025,Hải Phòng,21.200000000000003,3
2025,Hải Phòng,21.25,207
2025,Hải Phòng,21.299999999999997,35
2025,Hải Phòng,21.3,34
2025,Hải Phòng,21.35,256
2025,Hải Phòng,21.4,16
2025,Hải Phòng,21.400000000000002,1
2025,Hải Phòng,21.45,137
2025,Hải Phòng,21.450000000000003,13
2025,Hải Phòng,21.5,200
2025,Hải Phòng,21.549999999999997,22
2025,Hải Phòng,21.55,24
2025,Hải Phòng,21.6,283
2025,Hải Phòng,21.65,17
2025,Hải Phòng,21.650000000000002,1
2025,Hải Phòng,21.7,153
2025,Hải Phòng,21.700000000000003,15
2025,Hải Phòng,21.75,223
2025,Hải Phòng,21.799999999999997,44
2025,Hải Phòng,21.8,22
2025,Hải Phòng,21.85,318
2025,Hải Phòng,21.9,13
2025,Hải Phòng,21.900000000000002,1
2025,Hải Phòng,21.95,145
2025,Hải Phòng,21.950000000000003,21
2025,Hải Phòng,22.0,275
2025,Hải Phòng,22.049999999999997,48
2025,Hải Phòng,22.05,28
2025,Hải Phòng,22.1,294
2025,Hải Phòng,22.15,15
2025,Hải Phòng,22.150000000000002,1
2025,Hải Phòng,22.2,147
2025,Hải Phòng,22.200000000000003,26
2025,Hải Phòng,22.25,276
2025,Hải Phòng,22.299999999999997,27
2025,Hải Phòng,22.3,14
2025,Hải Phòng,22.35,326
2025,Hải Phòng,22.4,9
2025,Hải Phòng,22.45,142
2025,Hải Phòng,22.450000000000003,18
2025,Hải Phòng,22.5,294
2025,Hải Phòng,22.549999999999997,47
2025,Hải Phòng,22.55,13
2025,Hải Phòng,22.6,342
2025,Hải Phòng,22.65,8
2025,Hải Phòng,22.7,163
2025,Hải Phòng,22.700000000000003,25
2025,Hải Phòng,22.75,327
2025,Hải Phòng,22.799999999999997,45
2025,Hải Phòng,22.8,27
2025,Hải Phòng,22.85,348
2025,Hải Phòng,22.9,10
2025,Hải Phòng,22.900000000000002,1
2025,Hải Phòng,22.95,157
2025,Hải Phòng,22.950000000000003,28
2025,Hải Phòng,23.0,375
2025,Hải Phòng,23.049999999999997,27
2025,Hải Phòng,23.05,14
2025,Hải Phòng,23.1,352
2025,Hải Phòng,23.15,16
2025,Hải Phòng,23.2,138
2025,Hải Phòng,23.200000000000003,24
2025,Hải Phòng,23.25,385
2025,Hải Phòng,23.299999999999997,30
2025,Hải Phòng,23.3,13
2025,Hải Phòng,23.35,402
2025,Hải Phòng,23.4,5
2025,Hải Phòng,23.45,125
2025,Hải Phòng,23.450000000000003,27
2025,Hải Phòng,23.5,414
2025,Hải Phòng,23.549999999999997,26
2025,Hải Phòng,23.55,10
2025,Hải Phòng,23.6,427
2025,Hải Phòng,23.65,12
2025,Hải Phòng,23.7,135
2025,Hải Phòng,23.700000000000003,33
2025,Hải Phòng,23.75,454
2025,Hải Phòng,23.799999999999997,26
2025,Hải Phòng,23.8,18
2025,Hải Phòng,23.85,428
2025,Hải Phòng,23.9,5
2025,Hải Phòng,23.95,141
2025,Hải Phòng,23.950000000000003,27
2025,Hải Phòng,24.0,425
2025,Hải Phòng,24.049999999999997,16
2025,Hải Phòng,24.05,17
2025,Hải Phòng,24.1,424
2025,Hải Phòng,24.15,3
2025,Hải Phòng,24.150000000000002,1
2025,Hải Phòng,24.2,116
2025,Hải Phòng,24.200000000000003,31
2025,Hải Phòng,24.25,466
2025,Hải Phòng,24.299999999999997,16
2025,Hải Phòng,24.3,7
2025,Hải Phòng,24.35,401
2025,Hải Phòng,24.4,6
2025,Hải Phòng,24.45,135
2025,Hải Phòng,24.450000000000003,39
2025,Hải Phòng,24.5,535
2025,Hải Phòng,24.549999999999997,17
2025,Hải Phòng,24.55,10
2025,Hải Phòng,24.6,413
2025,Hải Phòng,24.65,6
2025,Hải Phòng,24.7,112
2025,Hải Phòng,24.700000000000003,38
2025,Hải Phòng,24.75,528
2025,Hải Phòng,24.799999999999997,31
2025,Hải Phòng,24.8,13
2025,Hải Phòng,24.85,423
2025,Hải Phòng,24.9,8
2025,Hải Phòng,24.95,98
2025,Hải Phòng,24.950000000000003,17
2025,Hải Phòng,25.0,563
2025,Hải Phòng,25.049999999999997,22
2025,Hải Phòng,25.05,11
2025,Hải Phòng,25.1,423
2025,Hải Phòng,25.15,3
2025,Hải Phòng,25.2,106
2025,Hải Phòng,25.200000000000003,25
2025,Hải Phòng,25.25,595
2025,Hải Phòng,25.299999999999997,10
2025,Hải Phòng,25.3,8
2025,Hải Phòng,25.35,408
2025,Hải Phòng,25.4,5
2025,Hải Phòng,25.45,86
2025,Hải Phòng,25.450000000000003,26
2025,Hải Phòng,25.5,604
2025,Hải Phòng,25.549999999999997,16
2025,Hải Phòng,25.55,8
2025,Hải Phòng,25.6,413
2025,Hải Phòng,25.65,5
2025,Hải Phòng,25.7,116
2025,Hải Phòng,25.700000000000003,23
2025,Hải Phòng,25.75,664
2025,Hải Phòng,25.799999999999997,9
2025,Hải Phòng,25.8,5
2025,Hải Phòng,25.85,421
2025,Hải Phòng,25.9,2
2025,Hải Phòng,25.95,103
2025,Hải Phòng,25.950000000000003,27
2025,Hải Phòng,26.0,697
2025,Hải Phòng,26.049999999999997,8
2025,Hải Phòng,26.05,2
2025,Hải Phòng,26.1,424
2025,Hải Phòng,26.15,2
2025,Hải Phòng,26.2,85
2025,Hải Phòng,26.200000000000003,23
2025,Hải Phòng,26.25,624
2025,Hải Phòng,26.299999999999997,10
2025,Hải Phòng,26.3,1
2025,Hải Phòng,26.35,403
2025,Hải Phòng,26.4,3
2025,Hải Phòng,26.45,86
2025,Hải Phòng,26.450000000000003,20
2025,Hải Phòng,26.5,695
2025,Hải Phòng,26.549999999999997,6
2025,Hải Phòng,26.55,6
2025,Hải Phòng,26.6,381
2025,Hải Phòng,26.65,1
2025,Hải Phòng,26.7,63
2025,Hải Phòng,26.700000000000003,17
2025,Hải Phòng,26.75,756
2025,Hải Phòng,26.799999999999997,9
2025,Hải Phòng,26.8,6
2025,Hải Phòng,26.85,382
2025,Hải Phòng,26.9,3
2025,Hải Phòng,26.95,67
2025,Hải Phòng,26.950000000000003,18
2025,Hải Phòng,27.0,730
2025,Hải Phòng,27.049999999999997,6
2025,Hải Phòng,27.05,4
2025,Hải Phòng,27.1,349
2025,Hải Phòng,27.15,1
2025,Hải Phòng,27.2,65
2025,Hải Phòng,27.200000000000003,7
2025,Hải Phòng,27.25,772
2025,Hải Phòng,27.299999999999997,6
2025,Hải Phòng,27.3,4
2025,Hải Phòng,27.35,398
2025,Hải Phòng,27.4,2
2025,Hải Phòng,27.45,57
2025,Hải Phòng,27.450000000000003,18
2025,Hải Phòng,27.5,739
2025,Hải Phòng,27.549999999999997,6
2025,Hải Phòng,27.55,2
2025,Hải Phòng,27.6,342
2025,Hải Phòng,27.7,42
2025,Hải Phòng,27.700000000000003,16
2025,Hải Phòng,27.75,774
2025,Hải Phòng,27.799999999999997,2
2025,Hải Phòng,27.8,1
2025,Hải Phòng,27.85,349
2025,Hải Phòng,27.9,1
2025,Hải Phòng,27.95,52
2025,Hải Phòng,27.950000000000003,10
2025,Hải Phòng,28.0,737
2025,Hải Phòng,28.049999999999997,2
2025,Hải Phòng,28.05,1
2025,Hải Phòng,28.1,308
2025,Hải Phòng,28.2,36
2025,Hải Phòng,28.200000000000003,9
2025,Hải Phòng,28.25,783
2025,Hải Phòng,28.35,268
2025,Hải Phòng,28.4,2
2025,Hải Phòng,28.45,40
2025,Hải Phòng,28.450000000000003,11
2025,Hải Phòng,28.5,750
2025,Hải Phòng,28.549999999999997,5
2025,Hải Phòng,28.55,2
2025,Hải Phòng,28.6,279
2025,Hải Phòng,28.7,28
2025,Hải Phòng,28.700000000000003,4
2025,Hải Phòng,28.75,814
2025,Hải Phòng,28.799999999999997,2
2025,Hải Phòng,28.8,2
2025,Hải Phòng,28.85,230
2025,Hải Phòng,28.95,22
2025,Hải Phòng,28.950000000000003,7
2025,Hải Phòng,29.0,708
2025,Hải Phòng,29.049999999999997,2
2025,Hải Phòng,29.1,205
2025,Hải Phòng,29.150000000000002,1
2025,Hải Phòng,29.2,27
2025,Hải Phòng,29.200000000000003,8
2025,Hải Phòng,29.25,742
2025,Hải Phòng,29.3,1
2025,Hải Phòng,29.35,218
2025,Hải Phòng,29.45,12
2025,Hải Phòng,29.450000000000003,8
2025,Hải Phòng,29.5,664
2025,Hải Phòng,29.6,218
2025,Hải Phòng,29.65,1
2025,Hải Phòng,29.7,11
2025,Hải Phòng,29.700000000000003,8
2025,Hải Phòng,29.75,681
2025,Hải Phòng,29.799999999999997,1
2025,Hải Phòng,29.85,161
2025,Hải Phòng,29.9,1
2025,Hải Phòng,29.95,10
2025,Hải Phòng,29.950000000000003,4
2025,Hải Phòng,30.0,631
2025,Hải Phòng,30.049999999999997,1
2025,Hải Phòng,30.05,2
2025,Hải Phòng,30.1,134
2025,Hải Phòng,30.2,11
2025,Hải Phòng,30.200000000000003,3
2025,Hải Phòng,30.25,617
2025,Hải Phòng,30.3,1
2025,Hải Phòng,30.35,151
2025,Hải Phòng,30.45,7
2025,Hải Phòng,30.450000000000003,2
2025,Hải Phòng,30.5,596
2025,Hải Phòng,30.55,2
2025,Hải Phòng,30.6,104
2025,Hải Phòng,30.65,1
2025,Hải Phòng,30.7,3
2025,Hải Phòng,30.700000000000003,4
2025,Hải Phòng,30.75,558
2025,Hải Phòng,30.799999999999997,1
2025,Hải Phòng,30.8,1
2025,Hải Phòng,30.85,106
2025,Hải Phòng,30.9,1
2025,Hải Phòng,30.95,7
2025,Hải Phòng,30.950000000000003,2
2025,Hải Phòng,31.0,511
2025,Hải Phòng,31.05,1
2025,Hải Phòng,31.1,83
2025,Hải Phòng,31.2,3
2025,Hải Phòng,31.25,549
2025,Hải Phòng,31.35,89
2025,Hải Phòng,31.4,1
2025,Hải Phòng,31.45,3
2025,Hải Phòng,31.450000000000003,1
2025,Hải Phòng,31.5,455
2025,Hải Phòng,31.6,60
2025,Hải Phòng,31.7,2
2025,Hải Phòng,31.700000000000003,1
2025,Hải Phòng,31.75,433
2025,Hải Phòng,31.8,2
2025,Hải Phòng,31.85,55
2025,Hải Phòng,31.95,1
2025,Hải Phòng,31.950000000000003,1
2025,Hải Phòng,32.0,445
2025,Hải Phòng,32.1,45
2025,Hải Phòng,32.15,1
2025,Hải Phòng,32.2,3
2025,Hải Phòng,32.25,400
2025,Hải Phòng,32.3,2
2025,Hải Phòng,32.35,43
2025,Hải Phòng,32.45,2
2025,Hải Phòng,32.5,348
2025,Hải Phòng,32.6,36
2025,Hải Phòng,32.7,1
2025,Hải Phòng,32.75,319
2025,Hải Phòng,32.85,21
2025,Hải Phòng,33.0,323
2025,Hải Phòng,33.1,12
2025,Hải Phòng,33.25,255
2025,Hải Phòng,33.35,15
2025,Hải Phòng,33.5,261
2025,Hải Phòng,33.6,12
2025,Hải Phòng,33.65,1
2025,Hải Phòng,33.75,231
2025,Hải Phòng,33.85,8
2025,Hải Phòng,33.95,1
2025,Hải Phòng,34.0,175
2025,Hải Phòng,34.1,12
2025,Hải Phòng,34.25,157
2025,Hải Phòng,34.35,8
2025,Hải Phòng,34.5,154
2025,Hải Phòng,34.6,4
2025,Hải Phòng,34.75,122
2025,Hải Phòng,34.85,5
2025,Hải Phòng,34.9,1
2025,Hải Phòng,35.0,103
2025,Hải Phòng,35.1,1
2025,Hải Phòng,35.15,2
2025,Hải Phòng,35.2,1
2025,Hải Phòng,35.25,68
2025,Hải Phòng,35.3,1
2025,Hải Phòng,35.35,1
2025,Hải Phòng,35.45,1
2025,Hải Phòng,35.5,80
2025,Hải Phòng,35.55,1
2025,Hải Phòng,35.75,48
2025,Hải Phòng,35.85,1
2025,Hải Phòng,36.0,47
2025,Hải Phòng,36.25,32
2025,Hải Phòng,36.5,25
2025,Hải Phòng,36.65,1
2025,Hải Phòng,36.7,2
2025,Hải Phòng,36.75,17
2025,Hải Phòng,37.0,10
2025,Hải Phòng,37.25,8
2025,Hải Phòng,37.5,2
2025,Hải Phòng,37.55,1
2025,Hải Phòng,37.6,1
2025,Hải Phòng,37.75,5
2025,Hải Phòng,38.0,3
2025,Hải Phòng,38.25,2
2025,Hải Phòng,38.5,1
2025,Hải Phòng,38.9,1
2025,Hải Phòng,39.4,2
2025,Hải Phòng,39.55,1
2025,Hải Phòng,40.05,1
2025,Hải Phòng,40.35,1
2025,Hải Phòng,40.45,1
2025,Hải Phòng,41.1,1
2025,Hải Phòng,41.3,1
2025,Hải Phòng,41.55,1
2025,Hải Phòng,41.9,1
2025,Hải Phòng,42.25,2
2025,Hải Phòng,42.4,1
2025,Hải Phòng,42.45,1
2025,Hải Phòng,43.0,1
2025,Hải Phòng,44.05,1
2025,Hải Phòng,44.4,1
2025,Hải Phòng,44.45,1
2025,Hải Phòng,45.0,1
2025,Hải Phòng,45.05,1
2025,Hải Phòng,46.2,1
2025,Hải Phòng,46.85,1
2025,Hải Phòng,48.400000000000006,1
2025,Hải Phòng,49.75,1
2025,Hải Phòng,49.8,1
